student_id,school_id,classroom_id,treatment_arm,gender,track,id_classroom,teacher_shortage,score_pre,score_post,score_retention,completed_module,completed_retention,psy_attitude_pre,psy_self_conf_pre,psy_self_conf_post
1,116,10,Control,Female,TSO,TSO|--|116,0,0.7142857142857143,0.5714285714285714,0.5714285714285714,1,1,4.5,2.5,4.333333333333333
2,31,45,Tailored AI,Female,ASO,ASO|--|31,0,0.42857142857142855,NA,NA,0,0,4,3,NA
6,94,76,Control,Female,TSO,TSO|--|94,0,0.7142857142857143,NA,NA,0,0,4.5,3,NA
8,441,17,Generic AI,Female,TSO,TSO|--|441,0,0.7142857142857143,NA,NA,0,0,2,2,NA
10,128,10,Generic AI,Female,TSO,TSO|--|128,0,0.7142857142857143,NA,NA,0,0,2.75,3,NA
12,302,74,Generic AI,Female,ASO,ASO|--|302,0,0,NA,NA,0,0,NA,NA,NA
17,316,71,Tailored AI,Female,TSO,TSO|--|316,0,0,0.42857142857142855,NA,1,0,3.5,2,3
18,331,71,Generic AI,Male,TSO,TSO|--|331,0,0.2857142857142857,NA,NA,0,0,3.75,2.5,NA
21,316,71,Generic AI,Female,TSO,TSO|--|316,0,0,NA,NA,0,0,2,2,NA
22,316,71,Tailored AI,Female,TSO,TSO|--|316,0,0,0.5714285714285714,NA,1,0,3,2.5,3
23,407,71,Tailored AI,Male,TSO,TSO|--|407,0,0.42857142857142855,NA,NA,0,0,2.25,2.5,NA
24,316,71,Generic AI,Male,TSO,TSO|--|316,0,0.2857142857142857,NA,NA,0,0,2,2,NA
25,316,71,Tailored AI,Female,TSO,TSO|--|316,0,0,0.42857142857142855,NA,1,0,3,4,2.3333333333333335
26,316,71,Control,Female,TSO,TSO|--|316,0,0,NA,NA,0,0,2.75,2.5,NA
27,331,71,Control,Female,TSO,TSO|--|331,0,0.2857142857142857,0.2857142857142857,NA,1,0,2.5,3,1.6666666666666667
28,316,71,Tailored AI,Male,TSO,TSO|--|316,0,0,0.8571428571428571,NA,1,0,2.25,4,1.6666666666666667
29,316,71,Tailored AI,Female,TSO,TSO|--|316,0,0.7142857142857143,NA,NA,0,0,4.5,3,NA
30,8,69,Control,Male,ASO,ASO|--|8,0,0.42857142857142855,NA,NA,0,0,3,3,NA
31,93,69,Control,Male,ASO,ASO|--|93,0,0.42857142857142855,NA,NA,0,0,2,2.5,NA
32,8,69,Control,Female,ASO,ASO|--|8,0,0.14285714285714285,NA,NA,0,0,1.75,2,NA
33,93,69,Generic AI,Male,ASO,ASO|--|93,0,0.5714285714285714,NA,NA,0,0,2.75,3,NA
34,8,69,Generic AI,Male,ASO,ASO|--|8,0,0.5714285714285714,NA,NA,0,0,3,3,NA
35,8,69,Tailored AI,Male,ASO,ASO|--|8,0,0.5714285714285714,NA,NA,0,0,3.25,2,NA
36,8,69,Tailored AI,Female,ASO,ASO|--|8,0,0.14285714285714285,NA,NA,0,0,2.75,1.5,NA
37,93,69,Tailored AI,Male,ASO,ASO|--|93,0,0.42857142857142855,NA,NA,0,0,2.75,2.5,NA
38,8,69,Tailored AI,Female,ASO,ASO|--|8,0,0,NA,NA,0,0,2,2.5,NA
39,8,69,Control,Female,ASO,ASO|--|8,0,0,NA,NA,0,0,2,2.5,NA
40,8,69,Generic AI,Female,ASO,ASO|--|8,0,0.14285714285714285,NA,NA,0,0,2.75,2,NA
41,93,69,Control,Male,ASO,ASO|--|93,0,0.42857142857142855,NA,NA,0,0,3,3,NA
42,8,69,Tailored AI,Male,ASO,ASO|--|8,0,0,NA,NA,0,0,2.25,1.5,NA
43,8,69,Generic AI,Male,ASO,ASO|--|8,0,0,NA,NA,0,0,2.75,2.5,NA
44,8,69,Generic AI,Female,ASO,ASO|--|8,0,0.42857142857142855,NA,NA,0,0,2.25,2.5,NA
45,8,69,Generic AI,Other,ASO,ASO|--|8,0,0.42857142857142855,NA,NA,0,0,3.5,2.5,NA
48,302,73,Control,Male,ASO,ASO|--|302,0,0.42857142857142855,0.5714285714285714,NA,1,0,3.75,5,2.6666666666666665
49,302,73,Control,Male,ASO,ASO|--|302,0,0.42857142857142855,0.8571428571428571,NA,1,0,3,2.5,2.6666666666666665
50,302,73,Generic AI,Female,ASO,ASO|--|302,0,0.2857142857142857,NA,NA,0,0,2.25,2,NA
51,302,73,Generic AI,Male,ASO,ASO|--|302,0,0.5714285714285714,NA,NA,0,0,3.25,2.5,NA
52,305,73,Generic AI,Female,ASO,ASO|--|305,0,0.2857142857142857,0.8571428571428571,NA,1,0,2.5,2,NA
53,302,73,Control,Male,ASO,ASO|--|302,0,0.5714285714285714,NA,NA,0,0,3.25,4,NA
54,303,73,Generic AI,Female,ASO,ASO|--|303,0,0.14285714285714285,NA,NA,0,0,3.5,3,NA
55,302,73,Control,Female,ASO,ASO|--|302,0,0.2857142857142857,0.7142857142857143,NA,1,0,2.5,2,NA
56,302,73,Generic AI,Male,ASO,ASO|--|302,0,0.42857142857142855,NA,NA,0,0,5,5,NA
57,302,73,Tailored AI,Male,ASO,ASO|--|302,0,0.2857142857142857,1,NA,1,0,3.75,2.5,1.6666666666666667
59,474,73,Control,Female,ASO,ASO|--|474,0,0.42857142857142855,NA,NA,0,0,5,5,NA
65,154,28,Control,Male,ASO,ASO|--|154,0,0.14285714285714285,NA,NA,0,0,4.5,3,NA
66,154,28,Control,Female,ASO,ASO|--|154,0,0.2857142857142857,NA,NA,0,0,2.75,2.5,NA
67,154,28,Control,Male,ASO,ASO|--|154,0,0.5714285714285714,NA,NA,0,0,4,4,NA
68,154,28,Control,Female,ASO,ASO|--|154,0,0.14285714285714285,NA,NA,0,0,2.75,2.5,NA
69,154,28,Tailored AI,Male,ASO,ASO|--|154,0,0.5714285714285714,0.8571428571428571,NA,1,0,3.25,4,3.6666666666666665
70,155,28,Generic AI,Female,ASO,ASO|--|155,0,0.2857142857142857,NA,NA,0,0,2.5,2.5,NA
71,154,28,Control,Female,ASO,ASO|--|154,0,0.42857142857142855,NA,NA,0,0,2.5,2,NA
72,154,28,Control,Female,ASO,ASO|--|154,0,0.42857142857142855,NA,NA,0,0,3.5,4,NA
73,154,28,Tailored AI,Female,ASO,ASO|--|154,0,0,0.5714285714285714,NA,1,0,2,1.5,2.3333333333333335
74,154,28,Tailored AI,Female,ASO,ASO|--|154,0,0.2857142857142857,0.5714285714285714,NA,1,0,4,2,3
75,154,28,Tailored AI,Male,ASO,ASO|--|154,0,0.14285714285714285,NA,NA,0,0,3.5,2,NA
76,154,28,Generic AI,Female,ASO,ASO|--|154,0,0.42857142857142855,NA,NA,0,0,3,2.5,NA
77,154,28,Control,Male,ASO,ASO|--|154,0,0.42857142857142855,NA,NA,0,0,1.25,1.5,NA
78,154,28,Control,Male,ASO,ASO|--|154,0,0.2857142857142857,NA,NA,0,0,3.75,1,NA
79,155,28,Control,Female,ASO,ASO|--|155,0,0.14285714285714285,NA,NA,0,0,2.5,2.5,NA
80,154,28,Control,Male,ASO,ASO|--|154,0,0.2857142857142857,NA,NA,0,0,2.75,3,NA
81,154,30,Generic AI,Male,ASO,ASO|--|154,0,0.2857142857142857,NA,NA,0,0,3.5,3,NA
82,154,28,Tailored AI,Male,ASO,ASO|--|154,0,0.42857142857142855,NA,NA,0,0,2.5,2.5,NA
83,156,28,Control,Male,ASO,ASO|--|156,0,0.2857142857142857,NA,NA,0,0,1.5,2,NA
84,154,28,Control,Male,ASO,ASO|--|154,0,0.2857142857142857,NA,NA,0,0,2.75,2.5,NA
85,154,28,Tailored AI,Male,ASO,ASO|--|154,0,0.2857142857142857,NA,NA,0,0,2,2,NA
86,155,28,Generic AI,Male,ASO,ASO|--|155,0,0.14285714285714285,NA,NA,0,0,2.5,2,NA
89,96,66,Control,Female,ASO,ASO|--|96,0,0.8571428571428571,NA,NA,0,0,3.5,2,NA
90,96,66,Control,Female,ASO,ASO|--|96,0,0,NA,NA,0,0,NA,NA,NA
91,96,66,Generic AI,Male,ASO,ASO|--|96,0,0.42857142857142855,NA,NA,0,0,2.5,2,NA
92,96,66,Control,Female,ASO,ASO|--|96,0,0,NA,NA,0,0,1.5,1,NA
93,96,66,Generic AI,Male,ASO,ASO|--|96,0,0.7142857142857143,NA,NA,0,0,2,2,NA
94,96,66,Generic AI,Female,ASO,ASO|--|96,0,0.14285714285714285,NA,NA,0,0,2,3.5,NA
95,96,66,Tailored AI,Male,ASO,ASO|--|96,0,0.7142857142857143,NA,NA,0,0,1.75,2,NA
96,96,66,Tailored AI,Male,ASO,ASO|--|96,0,0,NA,NA,0,0,3.5,5,NA
97,96,66,Generic AI,Female,ASO,ASO|--|96,0,0.14285714285714285,NA,NA,0,0,2.25,2,NA
98,96,66,Tailored AI,Male,ASO,ASO|--|96,0,0,NA,NA,0,0,3.5,2.5,NA
99,96,66,Control,Female,ASO,ASO|--|96,0,0,NA,NA,0,0,2.25,2.5,NA
100,96,66,Control,Female,ASO,ASO|--|96,0,0.2857142857142857,NA,NA,0,0,3,2,NA
101,96,66,Generic AI,Male,ASO,ASO|--|96,0,0.2857142857142857,NA,NA,0,0,3,3,NA
102,96,66,Control,Male,ASO,ASO|--|96,0,0,NA,NA,0,0,NA,NA,NA
103,327,39,Generic AI,Female,ASO,ASO|--|327,0,0.14285714285714285,0.7142857142857143,NA,1,0,2.5,2.5,1.6666666666666667
104,327,39,Control,Female,ASO,ASO|--|327,0,0.2857142857142857,0.5714285714285714,0.5714285714285714,1,1,3.25,2,2
105,383,39,Generic AI,Female,ASO,ASO|--|383,0,0.5714285714285714,0.7142857142857143,0.7142857142857143,1,1,2.75,2.5,3
106,327,39,Generic AI,Male,ASO,ASO|--|327,0,0.2857142857142857,0.5714285714285714,0.7142857142857143,1,1,3.25,4,3.6666666666666665
107,327,39,Control,Male,ASO,ASO|--|327,0,0.5714285714285714,0.5714285714285714,1,1,1,4,2.5,1.3333333333333333
108,327,39,Tailored AI,Female,ASO,ASO|--|327,0,0.5714285714285714,0.7142857142857143,1,1,1,3.25,2.5,2.6666666666666665
110,327,39,Generic AI,Female,ASO,ASO|--|327,0,0,0.2857142857142857,0.2857142857142857,1,1,2.25,3,NA
111,304,73,Generic AI,Male,ASO,ASO|--|304,0,0.42857142857142855,NA,NA,0,0,3,4,NA
115,96,55,Control,Female,ASO,ASO|--|96,0,0,NA,NA,0,0,1.25,2,NA
116,96,64,Control,Female,ASO,ASO|--|96,0,0.14285714285714285,NA,NA,0,0,3.75,2,NA
117,96,5,Generic AI,Female,ASO,ASO|--|96,0,0,NA,NA,0,0,NA,NA,NA
121,327,39,Tailored AI,Female,ASO,ASO|--|327,0,0.2857142857142857,NA,NA,0,0,4,4,NA
122,327,39,Tailored AI,Female,ASO,ASO|--|327,0,0.42857142857142855,0.7142857142857143,NA,1,0,2,2,2.6666666666666665
123,327,39,Control,Female,ASO,ASO|--|327,0,0.2857142857142857,0.2857142857142857,0.7142857142857143,1,1,2.25,1.5,4
124,327,39,Control,Male,ASO,ASO|--|327,0,0.42857142857142855,0.5714285714285714,NA,1,0,4,3,2.6666666666666665
124,327,39,Control,Male,ASO,ASO|--|327,0,0.42857142857142855,0.42857142857142855,NA,1,0,4,3,NA
125,327,39,Control,Female,ASO,ASO|--|327,0,0.2857142857142857,0.5714285714285714,NA,1,0,3.5,2,1.3333333333333333
126,327,39,Control,Male,ASO,ASO|--|327,0,0.8571428571428571,0.7142857142857143,NA,1,0,3.25,3,2.6666666666666665
127,327,39,Generic AI,Female,ASO,ASO|--|327,0,0.14285714285714285,0.14285714285714285,0.42857142857142855,1,1,2.75,1,1
128,328,39,Generic AI,Female,ASO,ASO|--|328,0,0.2857142857142857,0.7142857142857143,NA,1,0,2.75,2,1.6666666666666667
129,327,39,Control,Female,ASO,ASO|--|327,0,0.2857142857142857,0.7142857142857143,1,1,1,2.25,3,1.3333333333333333
131,327,39,Generic AI,Male,ASO,ASO|--|327,0,0.2857142857142857,0.42857142857142855,0.5714285714285714,1,1,4.25,1.5,2.6666666666666665
132,327,39,Control,Female,ASO,ASO|--|327,0,0.14285714285714285,0.42857142857142855,0.5714285714285714,1,1,2.75,3,1.6666666666666667
133,327,39,Tailored AI,Female,ASO,ASO|--|327,0,0.5714285714285714,0.8571428571428571,NA,1,0,4,2.5,2
134,327,39,Tailored AI,Female,ASO,ASO|--|327,0,0.5714285714285714,0.42857142857142855,0.7142857142857143,1,1,3.75,3.5,2.6666666666666665
135,327,39,Generic AI,Female,ASO,ASO|--|327,0,0.14285714285714285,0.8571428571428571,1,1,1,4.5,3,3.3333333333333335
136,8,69,Generic AI,Male,ASO,ASO|--|8,0,0.5714285714285714,NA,NA,0,0,2,2,NA
137,8,69,Tailored AI,Female,ASO,ASO|--|8,0,0.42857142857142855,NA,NA,0,0,1.75,1.5,NA
138,8,69,Tailored AI,Female,ASO,ASO|--|8,0,0.2857142857142857,NA,NA,0,0,2.25,1.5,NA
139,93,69,Tailored AI,Female,ASO,ASO|--|93,0,0.42857142857142855,NA,NA,0,0,1.75,2.5,NA
140,327,39,Tailored AI,Female,ASO,ASO|--|327,0,0.2857142857142857,0.7142857142857143,0.7142857142857143,1,1,4,4,3
141,8,69,Control,Female,ASO,ASO|--|8,0,0.2857142857142857,NA,NA,0,0,3,2.5,NA
142,8,69,Generic AI,Female,ASO,ASO|--|8,0,0.5714285714285714,NA,NA,0,0,2.75,3,NA
143,8,69,Control,Male,ASO,ASO|--|8,0,0.2857142857142857,NA,NA,0,0,2.25,1,NA
144,93,69,Generic AI,Female,ASO,ASO|--|93,0,0.2857142857142857,NA,NA,0,0,2,2.5,NA
146,8,69,Control,Male,ASO,ASO|--|8,0,0.5714285714285714,NA,NA,0,0,2,2,NA
147,79,69,Generic AI,Female,ASO,ASO|--|79,0,0.42857142857142855,NA,NA,0,0,2.75,1.5,NA
148,8,69,Generic AI,Female,ASO,ASO|--|8,0,0.2857142857142857,NA,NA,0,0,2.5,2,NA
149,334,39,Generic AI,Male,ASO,ASO|--|334,0,0.7142857142857143,0.42857142857142855,0.42857142857142855,1,1,2.75,2,2
151,8,69,Tailored AI,Male,ASO,ASO|--|8,0,0.5714285714285714,NA,NA,0,0,2.25,4,NA
152,8,69,Tailored AI,Male,ASO,ASO|--|8,0,0.42857142857142855,NA,NA,0,0,3,3,NA
153,8,69,Control,Male,ASO,ASO|--|8,0,0,NA,NA,0,0,2,2,NA
154,8,69,Control,Male,ASO,ASO|--|8,0,0.42857142857142855,NA,NA,0,0,2.75,2,NA
155,8,69,Control,Male,ASO,ASO|--|8,0,0.42857142857142855,NA,NA,0,0,5,3,NA
156,8,69,Tailored AI,Female,ASO,ASO|--|8,0,0.2857142857142857,NA,NA,0,0,2,2,NA
157,8,69,Tailored AI,Female,ASO,ASO|--|8,0,0.14285714285714285,NA,NA,0,0,2.25,2.5,NA
158,8,69,Generic AI,Female,ASO,ASO|--|8,0,0.42857142857142855,NA,NA,0,0,2,2,NA
160,334,39,Control,Male,ASO,ASO|--|334,0,0.2857142857142857,0.5714285714285714,0.5714285714285714,1,1,2.25,2.5,1
161,76,97,Generic AI,Male,TSO,TSO|--|76,0,0.5714285714285714,NA,NA,0,0,3.5,3,NA
163,179,28,Generic AI,Male,TSO,TSO|--|179,0,0.2857142857142857,NA,NA,0,0,NA,NA,NA
164,179,87,Tailored AI,Female,TSO,TSO|--|179,0,0.42857142857142855,NA,NA,0,0,4,3,NA
165,179,21,Generic AI,Male,TSO,TSO|--|179,0,0.2857142857142857,1,NA,1,0,NA,NA,2.6666666666666665
166,179,28,Control,Female,TSO,TSO|--|179,0,0.14285714285714285,0.5714285714285714,0.5714285714285714,1,1,3.25,2.5,2.3333333333333335
167,179,28,Generic AI,Male,TSO,TSO|--|179,0,0,NA,NA,0,0,NA,NA,NA
169,179,28,Generic AI,Male,TSO,TSO|--|179,0,0,NA,NA,0,0,NA,NA,NA
170,179,28,Tailored AI,Male,TSO,TSO|--|179,0,0.14285714285714285,NA,NA,0,0,2.75,2.5,NA
171,179,28,Tailored AI,Female,TSO,TSO|--|179,0,0,0.2857142857142857,0.7142857142857143,1,1,NA,NA,2
172,179,94,Control,Female,TSO,TSO|--|179,0,0,NA,NA,0,0,NA,NA,NA
173,179,28,Control,Male,TSO,TSO|--|179,0,0,NA,NA,0,0,NA,NA,NA
174,179,28,Generic AI,Male,TSO,TSO|--|179,0,0,NA,NA,0,0,NA,NA,NA
175,181,6,Tailored AI,Male,TSO,TSO|--|181,0,0.7142857142857143,NA,NA,0,0,NA,NA,NA
176,179,56,Control,Female,ASO,ASO|--|179,0,0.7142857142857143,NA,NA,0,0,3.5,2,NA
179,84,71,Control,Female,TSO,TSO|--|84,0,0,NA,NA,0,0,4.5,2,NA
180,80,71,Control,Female,TSO,TSO|--|80,0,0.5714285714285714,NA,NA,0,0,3.25,5,NA
181,10,82,Tailored AI,Male,TSO,TSO|--|10,0,0.5714285714285714,0.7142857142857143,NA,1,0,3.75,3,2.3333333333333335
182,10,80,Tailored AI,Male,TSO,TSO|--|10,0,0.2857142857142857,NA,NA,0,0,3.75,3,NA
183,185,80,Generic AI,Male,TSO,TSO|--|185,0,0.2857142857142857,NA,NA,0,0,3.25,3.5,NA
184,162,98,Tailored AI,Male,TSO,TSO|--|162,0,0.5714285714285714,NA,NA,0,0,3.25,2.5,NA
185,187,82,Control,Male,TSO,TSO|--|187,0,0.42857142857142855,NA,NA,0,0,2.25,2.5,NA
186,80,80,Tailored AI,Male,TSO,TSO|--|80,0,0.5714285714285714,NA,NA,0,0,3.25,5,NA
187,80,71,Control,Female,TSO,TSO|--|80,0,0.5714285714285714,NA,NA,0,0,2,2,NA
188,80,71,Tailored AI,Male,TSO,TSO|--|80,0,0.2857142857142857,NA,NA,0,0,2.25,5,NA
189,187,80,Tailored AI,Male,TSO,TSO|--|187,0,0.5714285714285714,0.7142857142857143,NA,1,0,2,2,2
190,10,80,Generic AI,Male,TSO,TSO|--|10,0,0.42857142857142855,NA,NA,0,0,2.5,3,NA
191,80,71,Control,Female,TSO,TSO|--|80,0,0.42857142857142855,NA,NA,0,0,4.25,3.5,NA
192,10,80,Tailored AI,Male,TSO,TSO|--|10,0,0.14285714285714285,NA,NA,0,0,2.25,2,NA
193,80,80,Control,Female,TSO,TSO|--|80,0,0.42857142857142855,NA,NA,0,0,3,2.5,NA
194,80,80,Tailored AI,Male,TSO,TSO|--|80,0,0.42857142857142855,NA,NA,0,0,3.25,2,NA
195,162,80,Tailored AI,Male,TSO,TSO|--|162,0,0,NA,NA,0,0,2.25,2.5,NA
196,10,80,Generic AI,Male,TSO,TSO|--|10,0,0,NA,NA,0,0,2.5,2,NA
197,29,82,Generic AI,Male,TSO,TSO|--|29,0,0.2857142857142857,NA,NA,0,0,1.25,2,NA
198,84,82,Tailored AI,Female,TSO,TSO|--|84,0,0.14285714285714285,NA,NA,0,0,2.5,2.5,NA
199,10,80,Tailored AI,Male,TSO,TSO|--|10,0,0.14285714285714285,NA,NA,0,0,3.5,2,NA
200,10,71,Generic AI,Male,TSO,TSO|--|10,0,0.2857142857142857,NA,NA,0,0,2,3,NA
201,27,98,Generic AI,Female,TSO,TSO|--|27,0,0.14285714285714285,NA,NA,0,0,4,2.5,NA
202,80,82,Control,Male,TSO,TSO|--|80,0,0.5714285714285714,NA,NA,0,0,2.25,2.5,NA
203,80,80,Control,Male,TSO,TSO|--|80,0,0.5714285714285714,NA,NA,0,0,3,5,NA
204,80,82,Tailored AI,Male,TSO,TSO|--|80,0,0.5714285714285714,NA,NA,0,0,2.75,2,NA
205,84,71,Generic AI,Female,TSO,TSO|--|84,0,0.5714285714285714,NA,NA,0,0,3.25,2.5,NA
206,80,71,Control,Male,TSO,TSO|--|80,0,0.5714285714285714,NA,NA,0,0,2.75,2.5,NA
207,80,71,Tailored AI,Female,TSO,TSO|--|80,0,0.5714285714285714,NA,NA,0,0,4,5,NA
208,80,71,Generic AI,Female,TSO,TSO|--|80,0,0.42857142857142855,NA,NA,0,0,2.25,2.5,NA
209,159,71,Generic AI,Female,TSO,TSO|--|159,0,0.42857142857142855,NA,NA,0,0,1.5,2.5,NA
210,80,98,Control,Female,TSO,TSO|--|80,0,0.8571428571428571,NA,NA,0,0,2.5,2.5,NA
211,80,80,Control,Female,TSO,TSO|--|80,0,0.7142857142857143,NA,NA,0,0,3,4,NA
212,80,71,Generic AI,Male,TSO,TSO|--|80,0,0.42857142857142855,NA,NA,0,0,2.25,1.5,NA
213,179,28,Generic AI,Male,TSO,TSO|--|179,0,0.5714285714285714,0.7142857142857143,NA,1,0,3.5,4,2
214,179,28,Control,Male,TSO,TSO|--|179,0,0.14285714285714285,NA,NA,0,0,2.5,2.5,NA
215,179,28,Generic AI,Male,TSO,TSO|--|179,0,0.2857142857142857,NA,NA,0,0,4,3,NA
216,179,28,Control,Male,TSO,TSO|--|179,0,0,NA,NA,0,0,3.25,4,NA
217,94,76,Control,Female,ASO,ASO|--|94,0,0.7142857142857143,NA,NA,0,0,3,3,NA
219,96,87,Generic AI,Female,ASO,ASO|--|96,0,0,NA,NA,0,0,2.5,2.5,NA
220,96,87,Control,Female,ASO,ASO|--|96,0,0,NA,NA,0,0,2.25,2,NA
224,191,35,Tailored AI,Female,ASO,ASO|--|191,0,0.42857142857142855,NA,NA,0,0,3.25,3,NA
225,192,35,Control,Male,ASO,ASO|--|192,0,0.7142857142857143,0.7142857142857143,NA,1,0,2.5,3.5,3
226,327,39,Control,Female,ASO,ASO|--|327,0,0,0.42857142857142855,0.7142857142857143,1,1,3.5,1.5,1.6666666666666667
227,327,39,Generic AI,Female,ASO,ASO|--|327,0,0.42857142857142855,0.7142857142857143,0.7142857142857143,1,1,4,4,2
228,327,39,Control,Male,ASO,ASO|--|327,0,0.14285714285714285,0.8571428571428571,NA,1,0,3,2.5,2.6666666666666665
229,96,66,Tailored AI,Female,ASO,ASO|--|96,0,0.2857142857142857,0.5714285714285714,NA,1,0,2,1.5,2
230,179,28,Control,Male,ASO,ASO|--|179,0,0.5714285714285714,0.5714285714285714,NA,1,0,3,2.5,3
231,179,28,Tailored AI,Male,ASO,ASO|--|179,0,0.5714285714285714,0.8571428571428571,NA,1,0,2.75,3.5,4.333333333333333
232,179,28,Control,Female,ASO,ASO|--|179,0,0.2857142857142857,0.5714285714285714,0.7142857142857143,1,1,2.25,2.5,2
233,179,28,Tailored AI,Male,ASO,ASO|--|179,0,0.5714285714285714,0.7142857142857143,1,1,1,2.25,2.5,3
234,179,28,Control,Male,ASO,ASO|--|179,0,0.5714285714285714,0.5714285714285714,0.42857142857142855,1,1,2.5,3,2.6666666666666665
235,179,28,Control,Female,ASO,ASO|--|179,0,0.42857142857142855,NA,NA,0,0,2.25,2,NA
236,179,28,Tailored AI,Male,ASO,ASO|--|179,0,0.7142857142857143,0.7142857142857143,0.8571428571428571,1,1,3.25,3,2
237,179,28,Control,Male,ASO,ASO|--|179,0,0.5714285714285714,0.14285714285714285,NA,1,0,3.25,2.5,2
238,179,28,Control,Male,ASO,ASO|--|179,0,0.7142857142857143,0.7142857142857143,0.42857142857142855,1,1,2.75,5,2.6666666666666665
239,179,28,Tailored AI,Male,ASO,ASO|--|179,0,0.2857142857142857,0.5714285714285714,NA,1,0,2,2,1.6666666666666667
240,182,28,Tailored AI,Male,ASO,ASO|--|182,0,0.7142857142857143,NA,NA,0,0,3.25,3,NA
241,179,28,Control,Male,ASO,ASO|--|179,0,0.2857142857142857,1,0.7142857142857143,1,1,3.25,2,1.6666666666666667
242,179,28,Generic AI,Female,ASO,ASO|--|179,0,0.5714285714285714,0.8571428571428571,NA,1,0,4.25,5,2
243,179,28,Generic AI,Female,ASO,ASO|--|179,0,0.2857142857142857,0.7142857142857143,NA,1,0,2.25,2.5,2.6666666666666665
244,179,28,Tailored AI,Female,ASO,ASO|--|179,0,0.2857142857142857,0.7142857142857143,0.7142857142857143,1,1,1.5,3.5,2.6666666666666665
245,179,28,Generic AI,Male,ASO,ASO|--|179,0,0.5714285714285714,NA,NA,0,0,2.75,2.5,NA
246,156,81,Tailored AI,Male,ASO,ASO|--|156,0,0.5714285714285714,NA,NA,0,0,3,2,NA
247,154,81,Generic AI,Female,ASO,ASO|--|154,0,0.14285714285714285,NA,NA,0,0,4.25,2,NA
248,154,81,Control,Female,ASO,ASO|--|154,0,0.42857142857142855,NA,NA,0,0,3.25,2.5,NA
249,157,81,Tailored AI,Male,ASO,ASO|--|157,0,0.14285714285714285,NA,NA,0,0,3,3,NA
250,154,81,Generic AI,Female,ASO,ASO|--|154,0,0.2857142857142857,NA,NA,0,0,2.5,2,NA
251,154,81,Control,Male,ASO,ASO|--|154,0,0.2857142857142857,NA,NA,0,0,3.5,3,NA
252,154,81,Control,Male,ASO,ASO|--|154,0,0.5714285714285714,NA,NA,0,0,3,3,NA
253,154,81,Generic AI,Female,ASO,ASO|--|154,0,0.14285714285714285,NA,NA,0,0,4.5,4,NA
254,155,81,Tailored AI,Male,ASO,ASO|--|155,0,0.42857142857142855,NA,NA,0,0,3.25,4,NA
255,154,81,Generic AI,Male,ASO,ASO|--|154,0,0.42857142857142855,NA,NA,0,0,2.25,3,NA
256,154,81,Generic AI,Male,ASO,ASO|--|154,0,0.5714285714285714,NA,NA,0,0,3.5,4,NA
257,154,1,Generic AI,Male,ASO,ASO|--|154,0,0.2857142857142857,NA,NA,0,0,3,2.5,NA
258,154,81,Generic AI,Male,ASO,ASO|--|154,0,0.2857142857142857,NA,NA,0,0,3.5,3,NA
259,154,81,Control,Male,ASO,ASO|--|154,0,0.2857142857142857,NA,NA,0,0,2.5,3,NA
260,154,81,Tailored AI,Male,ASO,ASO|--|154,0,0.42857142857142855,NA,NA,0,0,4.5,5,NA
261,155,81,Generic AI,Male,ASO,ASO|--|155,0,0,NA,NA,0,0,1.5,2,NA
262,154,81,Control,Female,ASO,ASO|--|154,0,0,NA,NA,0,0,3,2.5,NA
263,154,81,Control,Female,ASO,ASO|--|154,0,0,NA,NA,0,0,1.5,3.5,NA
264,154,81,Tailored AI,Male,ASO,ASO|--|154,0,0.14285714285714285,NA,NA,0,0,1.5,1.5,NA
265,154,81,Generic AI,Female,ASO,ASO|--|154,0,0.2857142857142857,NA,NA,0,0,2.25,2.5,NA
266,155,81,Generic AI,Male,ASO,ASO|--|155,0,0.14285714285714285,NA,NA,0,0,2.75,3,NA
267,154,81,Generic AI,Female,ASO,ASO|--|154,0,0.42857142857142855,NA,NA,0,0,2.5,5,NA
268,154,81,Control,Female,ASO,ASO|--|154,0,0.14285714285714285,NA,NA,0,0,4.5,4,NA
269,155,81,Tailored AI,Male,ASO,ASO|--|155,0,0,NA,NA,0,0,2.75,4,NA
270,155,81,Generic AI,Female,ASO,ASO|--|155,0,0.14285714285714285,NA,NA,0,0,3,3,NA
271,154,81,Tailored AI,Female,ASO,ASO|--|154,0,0.42857142857142855,NA,NA,0,0,3.5,3,NA
272,154,81,Control,Female,ASO,ASO|--|154,0,0.14285714285714285,NA,NA,0,0,3,5,NA
273,154,81,Generic AI,Male,ASO,ASO|--|154,0,0,NA,NA,0,0,3.75,2,NA
274,154,81,Tailored AI,Male,ASO,ASO|--|154,0,0.8571428571428571,0.8571428571428571,NA,1,0,2.25,3.5,2
275,155,81,Generic AI,Female,ASO,ASO|--|155,0,0,NA,NA,0,0,2.75,2.5,NA
276,154,81,Control,Female,ASO,ASO|--|154,0,0,NA,NA,0,0,4,3,NA
277,155,81,Generic AI,Female,ASO,ASO|--|155,0,0,NA,NA,0,0,2.25,2,NA
278,155,81,Control,Male,ASO,ASO|--|155,0,0.2857142857142857,NA,NA,0,0,2.5,2,NA
279,154,81,Tailored AI,Male,ASO,ASO|--|154,0,0.8571428571428571,NA,NA,0,0,3.25,2.5,NA
280,154,81,Tailored AI,Female,ASO,ASO|--|154,0,0,0.14285714285714285,NA,1,0,3.75,3,1.6666666666666667
281,155,81,Generic AI,Female,ASO,ASO|--|155,0,0,NA,NA,0,0,3.25,2.5,NA
282,96,23,Tailored AI,Female,ASO,ASO|--|96,0,0.14285714285714285,0.14285714285714285,NA,1,0,3.5,3,5
283,96,62,Tailored AI,Male,ASO,ASO|--|96,0,0.5714285714285714,1,NA,1,0,1.75,4,2.6666666666666665
284,155,28,Tailored AI,Male,ASO,ASO|--|155,0,0.14285714285714285,NA,NA,0,0,2,2,NA
285,155,28,Tailored AI,Male,ASO,ASO|--|155,0,0,NA,NA,0,0,2.75,2.5,NA
286,154,28,Tailored AI,Female,ASO,ASO|--|154,0,0.14285714285714285,NA,NA,0,0,1.5,1,NA
287,154,28,Control,Male,ASO,ASO|--|154,0,0.2857142857142857,NA,NA,0,0,3,4,NA
288,154,28,Control,Male,ASO,ASO|--|154,0,0,NA,NA,0,0,1,2,NA
289,154,28,Tailored AI,Male,ASO,ASO|--|154,0,0.5714285714285714,NA,NA,0,0,4.5,5,NA
290,96,50,Generic AI,Female,ASO,ASO|--|96,0,0.2857142857142857,NA,NA,0,0,2,2,NA
291,96,34,Tailored AI,Female,ASO,ASO|--|96,0,0.8571428571428571,1,NA,1,0,2,2,2
292,96,1,Generic AI,Male,ASO,ASO|--|96,0,0.2857142857142857,NA,NA,0,0,2,2,NA
293,96,50,Generic AI,Female,ASO,ASO|--|96,0,0,NA,NA,0,0,NA,NA,NA
294,96,5,Generic AI,Female,ASO,ASO|--|96,0,0.2857142857142857,NA,NA,0,0,3,2,NA
295,54,70,Tailored AI,Female,ASO,ASO|--|54,0,0.2857142857142857,NA,NA,0,0,2,2,NA
296,96,66,Control,Female,ASO,ASO|--|96,0,0,NA,NA,0,0,2.25,3,NA
297,316,71,Control,Male,TSO,TSO|--|316,0,0.2857142857142857,NA,NA,0,0,2.75,2,NA
298,316,71,Generic AI,Male,TSO,TSO|--|316,0,0.2857142857142857,0.8571428571428571,NA,1,0,5,3,2.3333333333333335
299,316,71,Control,Female,ASO,ASO|--|316,0,0.14285714285714285,NA,NA,0,0,4,2.5,NA
300,438,71,Control,Male,ASO,ASO|--|438,0,0.2857142857142857,NA,NA,0,0,2.25,3,NA
301,316,71,Generic AI,Male,ASO,ASO|--|316,0,0.14285714285714285,NA,NA,0,0,3,3,NA
302,406,71,Generic AI,Female,TSO,TSO|--|406,0,0.14285714285714285,0.5714285714285714,NA,1,0,3.25,2,1.6666666666666667
303,316,71,Tailored AI,Male,TSO,TSO|--|316,0,0.2857142857142857,0.5714285714285714,NA,1,0,2.75,3,3
304,316,71,Tailored AI,Male,TSO,TSO|--|316,0,0.42857142857142855,NA,NA,0,0,2.5,2,NA
305,438,71,Generic AI,Male,TSO,TSO|--|438,0,0.5714285714285714,NA,NA,0,0,5,4,NA
306,456,35,Generic AI,Male,ASO,ASO|--|456,0,0.14285714285714285,NA,NA,0,0,2.5,2,NA
307,456,35,Generic AI,Male,TSO,TSO|--|456,0,0.7142857142857143,1,NA,1,0,3,5,3
308,471,35,Tailored AI,Male,ASO,ASO|--|471,0,0.42857142857142855,NA,NA,0,0,3.25,3,NA
309,457,35,Generic AI,Male,ASO,ASO|--|457,0,0.14285714285714285,NA,NA,0,0,3.25,2.5,NA
310,456,35,Control,Male,ASO,ASO|--|456,0,0.42857142857142855,0.7142857142857143,NA,1,0,2.25,2.5,2.3333333333333335
311,179,28,Generic AI,Female,ASO,ASO|--|179,0,0.42857142857142855,NA,NA,0,0,2,2.5,NA
312,456,59,Control,Male,ASO,ASO|--|456,0,0.2857142857142857,NA,NA,0,0,3,2.5,NA
313,438,71,Control,Male,TSO,TSO|--|438,0,0,NA,NA,0,0,3.5,3,NA
314,179,28,Control,Male,ASO,ASO|--|179,0,0,NA,NA,0,0,NA,NA,NA
315,471,35,Control,Male,ASO,ASO|--|471,0,0.8571428571428571,NA,NA,0,0,3.5,3,NA
316,455,76,Control,Female,ASO,ASO|--|455,0,0.7142857142857143,NA,NA,0,0,3.5,2.5,NA
317,452,91,Control,Female,ASO,ASO|--|452,0,0.7142857142857143,NA,NA,0,0,4.5,4,NA
318,465,79,Control,Male,ASO,ASO|--|465,0,0.8571428571428571,1,NA,1,0,3,3,2.6666666666666665
319,179,9,Generic AI,Male,ASO,ASO|--|179,0,0.42857142857142855,NA,NA,0,0,2,2,NA
320,179,94,Control,Female,TSO,TSO|--|179,0,0.14285714285714285,0.2857142857142857,0.2857142857142857,1,1,2.25,2,1.6666666666666667
321,179,100,Control,Female,TSO,TSO|--|179,0,0.14285714285714285,0.14285714285714285,0.14285714285714285,1,1,2.5,2.5,2.3333333333333335
322,179,5,Generic AI,Male,TSO,TSO|--|179,0,0.14285714285714285,1,NA,1,0,3.5,3,3
323,179,85,Tailored AI,Female,ASO,ASO|--|179,0,0.5714285714285714,0.8571428571428571,NA,1,0,3.25,3,2.3333333333333335
324,179,5,Tailored AI,Female,TSO,TSO|--|179,0,0.2857142857142857,NA,NA,0,0,3.5,1.5,NA
325,456,35,Control,Male,ASO,ASO|--|456,0,0,0.7142857142857143,NA,1,0,2,2,2.3333333333333335
326,179,28,Generic AI,Male,TSO,TSO|--|179,0,0.8571428571428571,1,NA,1,0,2.75,3,2.6666666666666665
327,179,28,Generic AI,Male,TSO,TSO|--|179,0,0.14285714285714285,1,NA,1,0,4.25,3,3
328,179,28,Generic AI,Male,TSO,TSO|--|179,0,0.2857142857142857,NA,NA,0,0,2.5,3,NA
329,179,28,Control,Male,ASO,ASO|--|179,0,0.2857142857142857,NA,NA,0,0,2.25,3,NA
330,179,28,Control,Female,TSO,TSO|--|179,0,0.14285714285714285,0.2857142857142857,0.5714285714285714,1,1,3.5,2.5,2
331,325,35,Tailored AI,Male,ASO,ASO|--|325,0,0.5714285714285714,0.5714285714285714,NA,1,0,2,2.5,4.333333333333333
332,261,35,Tailored AI,Female,ASO,ASO|--|261,0,0.8571428571428571,NA,NA,0,0,3,3.5,NA
333,365,35,Control,Female,ASO,ASO|--|365,0,0.2857142857142857,0.8571428571428571,NA,1,0,3.25,2.5,2.3333333333333335
334,261,35,Generic AI,Female,ASO,ASO|--|261,0,0.2857142857142857,NA,NA,0,0,2.75,2,NA
335,366,35,Control,Female,ASO,ASO|--|366,0,0.2857142857142857,NA,NA,0,0,3.25,2.5,NA
336,261,35,Control,Male,ASO,ASO|--|261,0,0.14285714285714285,NA,NA,0,0,3.25,2,NA
337,261,35,Tailored AI,Female,ASO,ASO|--|261,0,0.42857142857142855,0.7142857142857143,NA,1,0,2.75,2.5,1
338,262,35,Control,Female,ASO,ASO|--|262,0,0.2857142857142857,0.7142857142857143,NA,1,0,3.25,3,NA
339,325,35,Generic AI,Female,ASO,ASO|--|325,0,0.42857142857142855,NA,NA,0,0,2.5,2.5,NA
340,325,35,Generic AI,Female,ASO,ASO|--|325,0,0.42857142857142855,NA,NA,0,0,2.75,1.5,NA
341,325,35,Control,Female,ASO,ASO|--|325,0,0.2857142857142857,NA,NA,0,0,3.5,2,NA
342,261,35,Control,Male,ASO,ASO|--|261,0,0.5714285714285714,NA,NA,0,0,3,3,NA
343,325,35,Control,Male,ASO,ASO|--|325,0,0.14285714285714285,NA,NA,0,0,4,2,NA
344,289,35,Generic AI,Male,ASO,ASO|--|289,0,0.7142857142857143,NA,NA,0,0,3,2.5,NA
345,179,28,Tailored AI,Male,TSO,TSO|--|179,0,0.2857142857142857,NA,NA,0,0,2.25,2.5,NA
346,179,28,Control,Male,TSO,TSO|--|179,0,0.14285714285714285,NA,NA,0,0,2.5,5,NA
347,364,35,Tailored AI,Male,ASO,ASO|--|364,0,0.42857142857142855,0.42857142857142855,NA,1,0,2.5,2,2.3333333333333335
348,179,28,Generic AI,Male,TSO,TSO|--|179,0,0.2857142857142857,1,NA,1,0,2.5,3,3
349,179,28,Control,Female,TSO,TSO|--|179,0,0.8571428571428571,0.8571428571428571,NA,1,0,2,2,2
350,179,28,Tailored AI,Male,TSO,TSO|--|179,0,0.2857142857142857,NA,NA,0,0,2.75,3.5,NA
351,179,28,Generic AI,Male,TSO,TSO|--|179,0,0.2857142857142857,NA,NA,0,0,2.25,1.5,NA
352,180,28,Generic AI,Male,TSO,TSO|--|180,0,0.42857142857142855,0.7142857142857143,NA,1,0,2,3,2.6666666666666665
353,179,28,Generic AI,Male,TSO,TSO|--|179,0,0.14285714285714285,NA,NA,0,0,2.75,2.5,NA
354,179,28,Control,Male,TSO,TSO|--|179,0,0.2857142857142857,0.5714285714285714,NA,1,0,3,5,2
355,179,28,Generic AI,Female,TSO,TSO|--|179,0,0.5714285714285714,NA,NA,0,0,3,3.5,NA
356,179,28,Tailored AI,Male,TSO,TSO|--|179,0,0.14285714285714285,0.2857142857142857,0.2857142857142857,1,1,2.75,2.5,2
357,179,28,Control,Male,TSO,TSO|--|179,0,0.2857142857142857,NA,NA,0,0,2.5,3,NA
358,179,28,Control,Male,TSO,TSO|--|179,0,0.42857142857142855,NA,NA,0,0,2.5,1,NA
359,179,28,Control,Male,TSO,TSO|--|179,0,0.42857142857142855,NA,NA,0,0,3.25,4,NA
360,92,58,Control,Male,TSO,TSO|--|92,0,0,NA,NA,0,0,NA,NA,NA
361,87,71,Tailored AI,Female,TSO,TSO|--|87,0,0,0.7142857142857143,NA,1,0,2.75,3,3
362,87,71,Control,Female,TSO,TSO|--|87,0,0,NA,NA,0,0,3.75,4,NA
363,212,71,Generic AI,Female,TSO,TSO|--|212,0,0,NA,NA,0,0,2,2,NA
364,14,71,Generic AI,Female,TSO,TSO|--|14,0,0,NA,NA,0,0,2.75,3,NA
365,437,71,Tailored AI,Male,TSO,TSO|--|437,0,0.8571428571428571,NA,NA,0,0,2.5,2,NA
366,436,71,Generic AI,Female,TSO,TSO|--|436,0,0,NA,NA,0,0,2.25,2.5,NA
367,50,71,Generic AI,Male,TSO,TSO|--|50,0,0.14285714285714285,NA,NA,0,0,3,2,NA
368,437,71,Generic AI,Female,TSO,TSO|--|437,0,0,NA,NA,0,0,1.75,2,NA
369,14,71,Tailored AI,Female,TSO,TSO|--|14,0,0,NA,NA,0,0,2,2,NA
370,435,71,Generic AI,Male,TSO,TSO|--|435,0,0.2857142857142857,NA,NA,0,0,2.5,2,NA
371,116,14,Generic AI,Female,ASO,ASO|--|116,0,0,NA,NA,0,0,2,3,NA
372,195,14,Generic AI,Other,ASO,ASO|--|195,0,0.14285714285714285,NA,NA,0,0,2,2,NA
373,279,14,Generic AI,Male,ASO,ASO|--|279,0,0.14285714285714285,NA,NA,0,0,2.75,3,NA
374,276,14,Tailored AI,Female,ASO,ASO|--|276,0,0.14285714285714285,0.5714285714285714,NA,1,0,2.25,1.5,2
375,354,14,Control,Female,ASO,ASO|--|354,0,0,NA,NA,0,0,3,2.5,NA
376,276,14,Tailored AI,Female,ASO,ASO|--|276,0,0,0.5714285714285714,NA,1,0,2,2,2.6666666666666665
377,259,14,Control,Male,ASO,ASO|--|259,0,0.14285714285714285,NA,NA,0,0,1.75,3,NA
378,278,14,Tailored AI,Female,ASO,ASO|--|278,0,0,NA,NA,0,0,2.5,2,NA
379,358,14,Control,Female,ASO,ASO|--|358,0,0.2857142857142857,NA,NA,0,0,2.5,2.5,NA
380,276,14,Control,Female,ASO,ASO|--|276,0,0.2857142857142857,NA,NA,0,0,2,2,NA
381,278,14,Tailored AI,Female,ASO,ASO|--|278,0,0.14285714285714285,NA,NA,0,0,3,2.5,NA
382,259,14,Control,Other,ASO,ASO|--|259,0,0.7142857142857143,NA,NA,0,0,3.75,3.5,NA
383,356,14,Tailored AI,Female,ASO,ASO|--|356,0,0.14285714285714285,NA,NA,0,0,3,2.5,NA
384,150,14,Generic AI,Female,ASO,ASO|--|150,0,0.14285714285714285,NA,NA,0,0,2.25,1.5,NA
385,278,14,Generic AI,Female,ASO,ASO|--|278,0,0,NA,NA,0,0,3,3,NA
386,356,14,Control,Female,ASO,ASO|--|356,0,0,NA,NA,0,0,3,2.5,NA
387,278,14,Tailored AI,Female,ASO,ASO|--|278,0,0,NA,NA,0,0,2.5,1.5,NA
388,358,14,Generic AI,Female,ASO,ASO|--|358,0,0,NA,NA,0,0,3,1.5,NA
389,259,14,Tailored AI,Other,ASO,ASO|--|259,0,0.42857142857142855,NA,NA,0,0,2,2,NA
390,354,14,Tailored AI,Female,ASO,ASO|--|354,0,0,NA,NA,0,0,2,2.5,NA
391,301,14,Generic AI,Female,ASO,ASO|--|301,0,0,NA,NA,0,0,1.75,3,NA
392,357,14,Tailored AI,Male,ASO,ASO|--|357,0,0,NA,NA,0,0,3,2,NA
393,360,14,Generic AI,Female,ASO,ASO|--|360,0,0,NA,NA,0,0,2.5,2.5,NA
394,259,14,Control,Female,ASO,ASO|--|259,0,0.14285714285714285,NA,NA,0,0,3.5,2,NA
395,277,14,Generic AI,Female,ASO,ASO|--|277,0,0.2857142857142857,NA,NA,0,0,2.5,2.5,NA
396,282,14,Generic AI,Female,ASO,ASO|--|282,0,0.14285714285714285,NA,NA,0,0,1.5,2,NA
397,358,14,Tailored AI,Female,ASO,ASO|--|358,0,0.2857142857142857,NA,NA,0,0,3,2,NA
398,282,14,Control,Female,ASO,ASO|--|282,0,0.2857142857142857,NA,NA,0,0,3,2,NA
399,283,14,Generic AI,Female,ASO,ASO|--|283,0,0,NA,NA,0,0,2.75,3.5,NA
400,357,14,Generic AI,Female,ASO,ASO|--|357,0,0.2857142857142857,NA,NA,0,0,3.5,2,NA
401,357,14,Control,Male,ASO,ASO|--|357,0,0,NA,NA,0,0,2.5,3,NA
402,183,14,Generic AI,Male,ASO,ASO|--|183,0,0.42857142857142855,NA,NA,0,0,2,5,NA
403,357,14,Control,Female,ASO,ASO|--|357,0,0.14285714285714285,NA,NA,0,0,3.25,2,NA
404,280,14,Generic AI,Male,ASO,ASO|--|280,0,0,NA,NA,0,0,3.5,2.5,NA
405,259,14,Control,Male,ASO,ASO|--|259,0,0,NA,NA,0,0,NA,NA,NA
406,279,14,Generic AI,Male,ASO,ASO|--|279,0,0.14285714285714285,NA,NA,0,0,2,2,NA
407,276,14,Generic AI,Male,ASO,ASO|--|276,0,0.14285714285714285,NA,NA,0,0,NA,3,NA
408,356,14,Generic AI,Female,ASO,ASO|--|356,0,0,0.5714285714285714,NA,1,0,4.5,3,1.6666666666666667
409,356,14,Tailored AI,Female,ASO,ASO|--|356,0,0.2857142857142857,0.5714285714285714,NA,1,0,2.5,2.5,1
410,357,14,Control,Female,ASO,ASO|--|357,0,0,NA,NA,0,0,2.5,3,NA
411,60,14,Generic AI,Male,Other,Other|--|60,0,0,NA,NA,0,0,NA,NA,NA
412,357,14,Control,Female,ASO,ASO|--|357,0,0.2857142857142857,NA,NA,0,0,2.25,2.5,NA
413,277,14,Tailored AI,Male,ASO,ASO|--|277,0,0.14285714285714285,NA,NA,0,0,2.25,3,NA
414,279,14,Generic AI,Female,ASO,ASO|--|279,0,0.14285714285714285,NA,NA,0,0,4.5,2.5,NA
415,282,14,Control,Male,ASO,ASO|--|282,0,0.14285714285714285,NA,NA,0,0,2.5,3.5,NA
416,278,14,Tailored AI,Female,ASO,ASO|--|278,0,0.2857142857142857,0.7142857142857143,NA,1,0,2.75,2,3
417,354,14,Generic AI,Male,ASO,ASO|--|354,0,0.42857142857142855,NA,NA,0,0,2,1.5,NA
418,285,14,Generic AI,Male,ASO,ASO|--|285,0,0.2857142857142857,NA,NA,0,0,1.75,1.5,NA
419,354,14,Generic AI,Male,ASO,ASO|--|354,0,0.2857142857142857,NA,NA,0,0,3.25,3,NA
420,323,14,Generic AI,Female,ASO,ASO|--|323,0,0,NA,NA,0,0,3.5,1.5,NA
421,282,14,Generic AI,Male,ASO,ASO|--|282,0,0.14285714285714285,NA,NA,0,0,1.75,3.5,NA
422,259,14,Tailored AI,Male,ASO,ASO|--|259,0,0.2857142857142857,NA,NA,0,0,2.25,2,NA
423,279,14,Tailored AI,Male,ASO,ASO|--|279,0,0.42857142857142855,NA,NA,0,0,2.5,2,NA
424,279,14,Control,Female,ASO,ASO|--|279,0,0.14285714285714285,NA,NA,0,0,2.25,2.5,NA
425,356,14,Control,Female,ASO,ASO|--|356,0,0.14285714285714285,NA,NA,0,0,2.75,3,NA
426,259,14,Tailored AI,Other,ASO,ASO|--|259,0,0.2857142857142857,NA,NA,0,0,3,2.5,NA
427,279,14,Tailored AI,Female,ASO,ASO|--|279,0,0.14285714285714285,0.5714285714285714,0.7142857142857143,1,1,3.25,3,2
428,354,14,Control,Female,ASO,ASO|--|354,0,0.2857142857142857,NA,NA,0,0,4.5,5,NA
429,279,14,Generic AI,Female,ASO,ASO|--|279,0,0,NA,NA,0,0,2.5,2,NA
430,279,14,Generic AI,Female,ASO,ASO|--|279,0,0,NA,NA,0,0,2.75,2.5,NA
431,278,14,Tailored AI,Female,ASO,ASO|--|278,0,0.14285714285714285,0.5714285714285714,NA,1,0,3.5,2,3
432,282,14,Control,Male,ASO,ASO|--|282,0,0.42857142857142855,NA,NA,0,0,2.5,2,NA
433,278,14,Generic AI,Female,ASO,ASO|--|278,0,0.14285714285714285,NA,NA,0,0,3.25,2,NA
434,282,29,Generic AI,Female,ASO,ASO|--|282,0,0.2857142857142857,NA,NA,0,0,3.25,1.5,NA
435,261,35,Control,Female,ASO,ASO|--|261,0,0,NA,NA,0,0,NA,NA,NA
436,325,35,Tailored AI,Female,ASO,ASO|--|325,0,0.2857142857142857,NA,NA,0,0,2.75,2,NA
437,261,35,Control,Male,ASO,ASO|--|261,0,0.5714285714285714,NA,NA,0,0,1,1,NA
438,288,35,Tailored AI,Male,ASO,ASO|--|288,0,0.42857142857142855,NA,NA,0,0,2,2,NA
439,126,14,Generic AI,Female,ASO,ASO|--|126,0,0.7142857142857143,NA,NA,0,0,2,1.5,NA
440,126,14,Generic AI,Female,ASO,ASO|--|126,0,0.7142857142857143,1,0.8571428571428571,1,1,4.5,1,3
441,126,14,Tailored AI,Male,ASO,ASO|--|126,0,0.5714285714285714,0.7142857142857143,NA,1,0,3.75,4,2
442,118,14,Control,Male,ASO,ASO|--|118,0,0.5714285714285714,NA,NA,0,0,2,2,NA
443,126,14,Generic AI,Female,ASO,ASO|--|126,0,0.7142857142857143,NA,NA,0,0,2,1.5,NA
444,142,14,Control,Male,ASO,ASO|--|142,0,0.5714285714285714,0.8571428571428571,NA,1,0,2.5,1,2
445,126,14,Generic AI,Male,ASO,ASO|--|126,0,0.5714285714285714,NA,NA,0,0,2.75,3,NA
446,142,14,Control,Male,TSO,TSO|--|142,0,0.42857142857142855,0.14285714285714285,NA,1,0,2,2,5
447,126,14,Control,Male,ASO,ASO|--|126,0,0.7142857142857143,0.2857142857142857,0.2857142857142857,1,1,2.25,2,4.333333333333333
448,126,14,Tailored AI,Male,ASO,ASO|--|126,0,0.14285714285714285,1,1,1,1,2.25,4,3.3333333333333335
449,123,14,Control,Male,ASO,ASO|--|123,0,0.14285714285714285,NA,NA,0,0,3.5,2.5,NA
450,126,14,Control,Female,TSO,TSO|--|126,0,0.5714285714285714,0.8571428571428571,0.7142857142857143,1,1,2.75,2.5,2.6666666666666665
451,126,14,Tailored AI,Male,ASO,ASO|--|126,0,0.2857142857142857,0.14285714285714285,NA,1,0,2.5,3,2.3333333333333335
452,118,14,Generic AI,Male,ASO,ASO|--|118,0,0.14285714285714285,NA,NA,0,0,2.5,3.5,NA
453,126,14,Control,Male,TSO,TSO|--|126,0,0.5714285714285714,0.42857142857142855,NA,1,0,1.75,2,3.3333333333333335
454,126,14,Control,Male,TSO,TSO|--|126,0,0.2857142857142857,NA,NA,0,0,2.75,1,NA
455,126,14,Tailored AI,Female,TSO,TSO|--|126,0,0.2857142857142857,0.2857142857142857,0.2857142857142857,1,1,2.25,2,NA
456,126,14,Tailored AI,Male,TSO,TSO|--|126,0,0.2857142857142857,NA,NA,0,0,2.25,3,NA
457,126,14,Generic AI,Male,TSO,TSO|--|126,0,0.2857142857142857,NA,NA,0,0,2.5,2,NA
458,126,14,Generic AI,Female,TSO,TSO|--|126,0,0.42857142857142855,0.2857142857142857,NA,1,0,4.5,2,2
459,123,14,Generic AI,Male,ASO,ASO|--|123,0,0.42857142857142855,0.14285714285714285,NA,1,0,2.75,2.5,NA
460,154,81,Control,Male,ASO,ASO|--|154,0,0.7142857142857143,NA,NA,0,0,2.5,4,NA
461,154,81,Generic AI,Male,ASO,ASO|--|154,0,0.42857142857142855,NA,NA,0,0,3.5,3,NA
462,154,81,Control,Female,ASO,ASO|--|154,0,0.2857142857142857,NA,NA,0,0,3.5,3,NA
463,179,28,Generic AI,Male,TSO,TSO|--|179,0,0,NA,NA,0,0,NA,NA,NA
464,154,81,Tailored AI,Female,ASO,ASO|--|154,0,0.2857142857142857,NA,NA,0,0,3,1.5,NA
465,155,30,Tailored AI,Male,ASO,ASO|--|155,0,0.42857142857142855,0.7142857142857143,NA,1,0,1.5,4,NA
466,154,81,Generic AI,Male,ASO,ASO|--|154,0,0.2857142857142857,NA,NA,0,0,2,3,NA
467,76,1,Control,Female,ASO,ASO|--|76,0,0.2857142857142857,NA,NA,0,0,2,1,NA
468,15,43,Control,Female,ASO,ASO|--|15,0,0.2857142857142857,NA,NA,0,0,2.75,2.5,NA
469,103,43,Control,Female,ASO,ASO|--|103,0,0.42857142857142855,NA,NA,0,0,2.5,2.5,NA
470,15,43,Control,Female,ASO,ASO|--|15,0,0.2857142857142857,NA,NA,0,0,2.5,3.5,NA
471,15,43,Control,Female,ASO,ASO|--|15,0,0.2857142857142857,NA,NA,0,0,1.75,2,NA
472,76,43,Tailored AI,Female,ASO,ASO|--|76,0,0,NA,NA,0,0,2.75,2,NA
473,94,43,Tailored AI,Female,ASO,ASO|--|94,0,0.2857142857142857,NA,NA,0,0,3.25,3.5,NA
474,94,43,Control,Male,ASO,ASO|--|94,0,0.2857142857142857,NA,NA,0,0,2.5,1.5,NA
475,15,43,Generic AI,Female,ASO,ASO|--|15,0,0.14285714285714285,NA,NA,0,0,2,2,NA
476,94,43,Control,Female,ASO,ASO|--|94,0,0.14285714285714285,NA,NA,0,0,3,1,NA
477,15,43,Generic AI,Female,ASO,ASO|--|15,0,0.2857142857142857,NA,NA,0,0,4,3,NA
478,94,43,Generic AI,Male,ASO,ASO|--|94,0,0.14285714285714285,NA,NA,0,0,3,5,NA
479,89,43,Generic AI,Male,ASO,ASO|--|89,0,0.7142857142857143,NA,NA,0,0,3.75,5,NA
480,94,43,Control,Male,ASO,ASO|--|94,0,0.2857142857142857,NA,NA,0,0,2.25,2,NA
481,94,43,Tailored AI,Male,ASO,ASO|--|94,0,0.7142857142857143,NA,NA,0,0,2.75,4,NA
482,94,43,Generic AI,Male,ASO,ASO|--|94,0,0.7142857142857143,NA,NA,0,0,2.25,3.5,NA
483,94,43,Tailored AI,Male,ASO,ASO|--|94,0,0.2857142857142857,0.8571428571428571,NA,1,0,1.75,1.5,2.3333333333333335
484,94,43,Tailored AI,Male,ASO,ASO|--|94,0,0.42857142857142855,0.8571428571428571,NA,1,0,3.25,3,2.6666666666666665
485,15,43,Tailored AI,Male,ASO,ASO|--|15,0,0,NA,NA,0,0,2,5,NA
486,2,43,Tailored AI,Male,ASO,ASO|--|2,0,0.2857142857142857,NA,NA,0,0,4.25,5,NA
487,16,1,Generic AI,Male,ASO,ASO|--|16,0,0,NA,NA,0,0,3,2.5,NA
488,438,71,Control,Male,TSO,TSO|--|438,0,0.14285714285714285,NA,NA,0,0,2.25,2,NA
489,118,14,Tailored AI,Male,ASO,ASO|--|118,0,0.2857142857142857,0.7142857142857143,NA,1,0,2,2,2
490,126,14,Control,Male,ASO,ASO|--|126,0,0.5714285714285714,NA,NA,0,0,2,2,NA
491,126,14,Control,Male,TSO,TSO|--|126,0,0.2857142857142857,NA,NA,0,0,2.75,2.5,NA
492,126,14,Control,Female,ASO,ASO|--|126,0,0.42857142857142855,NA,NA,0,0,2,2,NA
493,349,25,Generic AI,Male,ASO,ASO|--|349,0,0.7142857142857143,1,NA,1,0,3.25,5,2
494,349,25,Tailored AI,Female,ASO,ASO|--|349,0,0.5714285714285714,0.8571428571428571,1,1,1,3.25,2.5,4.333333333333333
495,349,25,Tailored AI,Female,ASO,ASO|--|349,0,0.7142857142857143,0.2857142857142857,1,1,1,2.75,1.5,2.6666666666666665
496,322,25,Control,Female,ASO,ASO|--|322,0,0.5714285714285714,0.7142857142857143,1,1,1,3.5,2.5,1.3333333333333333
497,322,29,Control,Male,ASO,ASO|--|322,0,0.5714285714285714,0.8571428571428571,1,1,1,2.5,4,2
498,350,25,Generic AI,Male,ASO,ASO|--|350,0,0.7142857142857143,0.8571428571428571,0.8571428571428571,1,1,2.5,3,2.6666666666666665
499,322,25,Control,Male,ASO,ASO|--|322,0,0.5714285714285714,1,0.7142857142857143,1,1,2.75,3.5,2.6666666666666665
500,322,25,Control,Male,ASO,ASO|--|322,0,0.42857142857142855,0.7142857142857143,1,1,1,2.25,2.5,3
501,350,25,Tailored AI,Male,ASO,ASO|--|350,0,0.42857142857142855,0.7142857142857143,1,1,1,3.25,3.5,2
502,322,25,Generic AI,Male,ASO,ASO|--|322,0,0.8571428571428571,0.8571428571428571,0.8571428571428571,1,1,2,4,1.6666666666666667
503,349,29,Tailored AI,Male,ASO,ASO|--|349,0,0.2857142857142857,NA,NA,0,0,2.75,3,NA
504,322,30,Control,Female,ASO,ASO|--|322,0,0.2857142857142857,NA,NA,0,0,3,2.5,NA
505,349,30,Tailored AI,Male,ASO,ASO|--|349,0,0.42857142857142855,0.7142857142857143,0.8571428571428571,1,1,3.5,3,2
506,322,25,Generic AI,Male,ASO,ASO|--|322,0,0.5714285714285714,1,1,1,1,3.25,1.5,1.3333333333333333
507,350,25,Tailored AI,Male,ASO,ASO|--|350,0,0.42857142857142855,0.7142857142857143,0.7142857142857143,1,1,2.75,2.5,2
508,155,28,Tailored AI,Male,ASO,ASO|--|155,0,0.14285714285714285,NA,NA,0,0,2.75,2,NA
509,350,25,Tailored AI,Male,ASO,ASO|--|350,0,0.2857142857142857,0.8571428571428571,1,1,1,3.25,3,2.3333333333333335
510,322,25,Tailored AI,Female,ASO,ASO|--|322,0,0.2857142857142857,0.5714285714285714,NA,1,0,2.5,1,1.6666666666666667
510,322,25,Tailored AI,Female,ASO,ASO|--|322,0,0.2857142857142857,0.8571428571428571,NA,1,0,2.5,1,4
511,322,25,Tailored AI,Male,ASO,ASO|--|322,0,0.2857142857142857,0.7142857142857143,0.7142857142857143,1,1,2.75,2,2.3333333333333335
512,349,25,Tailored AI,Male,ASO,ASO|--|349,0,0.42857142857142855,0.8571428571428571,1,1,1,3.25,3,3.3333333333333335
513,322,25,Tailored AI,Male,ASO,ASO|--|322,0,0.2857142857142857,0.7142857142857143,1,1,1,3.25,2.5,3
514,350,25,Tailored AI,Male,ASO,ASO|--|350,0,0.2857142857142857,0.7142857142857143,0.42857142857142855,1,1,2.75,2.5,2.6666666666666665
515,350,25,Control,Female,ASO,ASO|--|350,0,0.2857142857142857,0.7142857142857143,NA,1,0,3.25,2.5,3.3333333333333335
516,322,25,Control,Female,ASO,ASO|--|322,0,0.2857142857142857,0.8571428571428571,NA,1,0,3.75,1.5,2.3333333333333335
517,349,25,Control,Female,ASO,ASO|--|349,0,0.2857142857142857,0.5714285714285714,0.8571428571428571,1,1,3,2.5,1.6666666666666667
518,322,50,Tailored AI,Male,ASO,ASO|--|322,0,0.2857142857142857,NA,NA,0,0,3,5,NA
519,322,1,Generic AI,Female,ASO,ASO|--|322,0,0.42857142857142855,0.7142857142857143,0.8571428571428571,1,1,2.25,2.5,1.6666666666666667
520,325,35,Generic AI,Female,ASO,ASO|--|325,0,0.5714285714285714,0.8571428571428571,NA,1,0,4.5,3,2.6666666666666665
521,167,67,Generic AI,Male,ASO,ASO|--|167,0,0.42857142857142855,NA,NA,0,0,1.5,3,NA
522,350,56,Generic AI,Male,ASO,ASO|--|350,0,0.2857142857142857,0.7142857142857143,0.8571428571428571,1,1,3,3,3
523,55,70,Tailored AI,Male,Other,Other|--|55,0,0.2857142857142857,NA,NA,0,0,5,5,NA
524,322,52,Generic AI,Male,ASO,ASO|--|322,0,0.5714285714285714,1,NA,1,0,2,5,4.333333333333333
525,377,81,Generic AI,Male,ASO,ASO|--|377,0,0.8571428571428571,NA,NA,0,0,4,4,NA
526,417,81,Control,Female,ASO,ASO|--|417,0,0.5714285714285714,NA,NA,0,0,3,2,NA
527,417,81,Control,Female,ASO,ASO|--|417,0,0.5714285714285714,1,NA,1,0,3.75,2,2
528,300,81,Control,Male,ASO,ASO|--|300,0,0.42857142857142855,0.5714285714285714,NA,1,0,3.25,4,NA
529,39,81,Generic AI,Male,ASO,ASO|--|39,0,0.8571428571428571,0.7142857142857143,NA,1,0,5,5,5
530,43,81,Tailored AI,Male,ASO,ASO|--|43,0,0.7142857142857143,1,NA,1,0,3.5,3,3
531,374,81,Generic AI,Male,ASO,ASO|--|374,0,0.7142857142857143,0.5714285714285714,NA,1,0,2.5,2.5,1.6666666666666667
532,415,81,Generic AI,Female,ASO,ASO|--|415,0,0.2857142857142857,NA,NA,0,0,2.5,2.5,NA
533,374,81,Control,Male,ASO,ASO|--|374,0,0.7142857142857143,0.42857142857142855,0.42857142857142855,1,1,2,4,2
534,373,81,Tailored AI,Male,ASO,ASO|--|373,0,0.42857142857142855,0.14285714285714285,NA,1,0,3,2,2.3333333333333335
535,45,81,Tailored AI,Male,ASO,ASO|--|45,0,0.7142857142857143,0.42857142857142855,0.42857142857142855,1,1,3.5,1.5,2.3333333333333335
536,378,81,Control,Male,ASO,ASO|--|378,0,0.5714285714285714,NA,NA,0,0,2.25,2,NA
537,379,81,Generic AI,Male,ASO,ASO|--|379,0,0.7142857142857143,NA,NA,0,0,2.5,2.5,NA
538,379,81,Control,Male,ASO,ASO|--|379,0,0.5714285714285714,0.5714285714285714,NA,1,0,2.25,2,3.3333333333333335
539,374,81,Control,Male,ASO,ASO|--|374,0,0.42857142857142855,NA,NA,0,0,3.25,2.5,NA
540,179,28,Generic AI,Male,ASO,ASO|--|179,0,0.14285714285714285,0.7142857142857143,0.5714285714285714,1,1,2,1.5,2.3333333333333335
541,357,14,Tailored AI,Female,ASO,ASO|--|357,0,0,0.2857142857142857,NA,1,0,2,2.5,2
542,282,14,Tailored AI,Female,ASO,ASO|--|282,0,0.14285714285714285,NA,NA,0,0,1.5,3,NA
543,279,14,Control,Male,ASO,ASO|--|279,0,0.14285714285714285,NA,NA,0,0,2.5,2.5,NA
544,259,14,Control,Male,ASO,ASO|--|259,0,0.14285714285714285,NA,NA,0,0,2.75,3,NA
545,278,14,Tailored AI,Female,ASO,ASO|--|278,0,0,0.8571428571428571,NA,1,0,2,2,2.3333333333333335
546,354,14,Tailored AI,Male,ASO,ASO|--|354,0,0.2857142857142857,NA,NA,0,0,3,2,NA
547,259,14,Generic AI,Male,ASO,ASO|--|259,0,0.42857142857142855,NA,NA,0,0,3.25,5,NA
548,282,14,Generic AI,Male,ASO,ASO|--|282,0,0.2857142857142857,NA,NA,0,0,2.5,3,NA
549,258,14,Control,Male,ASO,ASO|--|258,0,0,NA,NA,0,0,2.5,2.5,NA
550,259,14,Tailored AI,Male,ASO,ASO|--|259,0,0.2857142857142857,NA,NA,0,0,4,3,NA
551,358,14,Generic AI,Female,ASO,ASO|--|358,0,0.2857142857142857,NA,NA,0,0,3,2,NA
552,278,14,Control,Male,ASO,ASO|--|278,0,0.14285714285714285,NA,NA,0,0,2.75,4,NA
553,281,14,Tailored AI,Male,ASO,ASO|--|281,0,0.42857142857142855,NA,NA,0,0,1.75,3,NA
554,280,14,Generic AI,Female,ASO,ASO|--|280,0,0.14285714285714285,NA,NA,0,0,2.5,2.5,NA
555,259,14,Generic AI,Male,ASO,ASO|--|259,0,0.42857142857142855,NA,NA,0,0,3,2.5,NA
556,282,14,Tailored AI,Female,ASO,ASO|--|282,0,0.2857142857142857,1,NA,1,0,5,3,2
557,282,14,Control,Female,ASO,ASO|--|282,0,0.14285714285714285,NA,NA,0,0,3.25,3,NA
558,282,14,Tailored AI,Female,ASO,ASO|--|282,0,0.2857142857142857,0.7142857142857143,NA,1,0,2.75,1.5,2.6666666666666665
559,356,14,Generic AI,Female,ASO,ASO|--|356,0,0.14285714285714285,NA,NA,0,0,3.75,2.5,NA
560,278,14,Control,Female,ASO,ASO|--|278,0,0.14285714285714285,NA,NA,0,0,2,1,NA
561,278,14,Generic AI,Female,ASO,ASO|--|278,0,0.14285714285714285,NA,NA,0,0,2.5,1.5,NA
562,282,14,Tailored AI,Female,ASO,ASO|--|282,0,0.14285714285714285,NA,NA,0,0,3.25,3,NA
563,356,14,Generic AI,Male,ASO,ASO|--|356,0,0.2857142857142857,NA,NA,0,0,3.5,3,NA
564,357,14,Generic AI,Male,ASO,ASO|--|357,0,0,NA,NA,0,0,3,3,NA
565,356,14,Control,Female,ASO,ASO|--|356,0,0.42857142857142855,NA,NA,0,0,2.75,2,NA
566,278,14,Control,Female,ASO,ASO|--|278,0,0.14285714285714285,NA,NA,0,0,2.75,2.5,NA
567,355,14,Generic AI,Female,ASO,ASO|--|355,0,0.42857142857142855,NA,NA,0,0,2.75,2,NA
568,356,14,Tailored AI,Female,ASO,ASO|--|356,0,0.2857142857142857,NA,NA,0,0,1.5,2,NA
569,282,14,Control,Female,ASO,ASO|--|282,0,0.2857142857142857,NA,NA,0,0,2.75,2.5,NA
570,279,14,Generic AI,Female,ASO,ASO|--|279,0,0.14285714285714285,NA,NA,0,0,3.5,3,NA
571,358,47,Control,Female,ASO,ASO|--|358,0,0.42857142857142855,NA,NA,0,0,1.75,1.5,NA
572,357,14,Generic AI,Female,ASO,ASO|--|357,0,0,NA,NA,0,0,2.75,3,NA
573,279,14,Control,Male,ASO,ASO|--|279,0,0,NA,NA,0,0,2.75,2.5,NA
574,357,14,Control,Male,ASO,ASO|--|357,0,0.2857142857142857,NA,NA,0,0,2,2.5,NA
575,379,81,Generic AI,Male,ASO,ASO|--|379,0,0.42857142857142855,NA,NA,0,0,3.5,2,NA
576,408,60,Tailored AI,Female,TSO,TSO|--|408,0,0.14285714285714285,NA,NA,0,0,3,2,NA
577,434,60,Generic AI,Female,TSO,TSO|--|434,0,0.14285714285714285,NA,NA,0,0,3,3,NA
578,408,60,Generic AI,Male,ASO,ASO|--|408,0,0.2857142857142857,NA,NA,0,0,3.5,3,NA
579,408,60,Generic AI,Female,ASO,ASO|--|408,0,0.2857142857142857,NA,NA,0,0,1.75,2.5,NA
580,408,60,Generic AI,Female,ASO,ASO|--|408,0,0.2857142857142857,NA,NA,0,0,1.75,2.5,NA
581,332,60,Tailored AI,Male,TSO,TSO|--|332,0,0.14285714285714285,0.5714285714285714,NA,1,0,2.75,3.5,3.3333333333333335
582,408,60,Generic AI,Male,TSO,TSO|--|408,0,0.42857142857142855,NA,NA,0,0,2.5,2.5,NA
583,408,60,Generic AI,Male,TSO,TSO|--|408,0,0,NA,NA,0,0,2,2,NA
584,408,60,Tailored AI,Female,TSO,TSO|--|408,0,0.14285714285714285,NA,NA,0,0,2,3,NA
585,408,60,Tailored AI,Female,TSO,TSO|--|408,0,0.14285714285714285,NA,NA,0,0,2,3,NA
586,332,60,Tailored AI,Female,TSO,TSO|--|332,0,0.2857142857142857,NA,NA,0,0,2.75,2.5,NA
587,332,60,Tailored AI,Female,TSO,TSO|--|332,0,0.2857142857142857,NA,NA,0,0,2.75,2.5,NA
588,405,60,Generic AI,Male,TSO,TSO|--|405,0,0.14285714285714285,NA,NA,0,0,3.25,2.5,NA
589,434,60,Generic AI,Male,TSO,TSO|--|434,0,0.2857142857142857,NA,NA,0,0,2.5,4,NA
590,220,14,Tailored AI,Female,ASO,ASO|--|220,0,0,NA,NA,0,0,4.5,5,NA
591,220,14,Tailored AI,Female,ASO,ASO|--|220,0,0.14285714285714285,0.8571428571428571,NA,1,0,2.75,3.5,5
592,221,14,Generic AI,Male,ASO,ASO|--|221,0,0.14285714285714285,0.8571428571428571,NA,1,0,3.5,2.5,2
593,222,14,Generic AI,Male,ASO,ASO|--|222,0,0.14285714285714285,0.8571428571428571,NA,1,0,3.5,2,2
594,220,14,Tailored AI,Female,ASO,ASO|--|220,0,0,0.8571428571428571,NA,1,0,1.75,2,3
595,221,14,Generic AI,Male,ASO,ASO|--|221,0,0.14285714285714285,0.8571428571428571,NA,1,0,2.75,2.5,2.6666666666666665
596,220,14,Control,Female,ASO,ASO|--|220,0,0,0.5714285714285714,NA,1,0,3,2.5,4
597,222,14,Control,Male,ASO,ASO|--|222,0,0.2857142857142857,0.8571428571428571,NA,1,0,5,3.5,2
598,221,14,Tailored AI,Female,ASO,ASO|--|221,0,0.14285714285714285,0.5714285714285714,NA,1,0,3.75,1.5,2.3333333333333335
599,222,14,Tailored AI,Female,ASO,ASO|--|222,0,0.42857142857142855,1,NA,1,0,3.5,5,2.3333333333333335
600,221,14,Control,Male,ASO,ASO|--|221,0,0.42857142857142855,0.8571428571428571,NA,1,0,2.5,4,4
601,179,97,Control,Male,ASO,ASO|--|179,0,0.7142857142857143,1,0.7142857142857143,1,1,4.5,4,1.6666666666666667
602,179,79,Generic AI,Male,TSO,TSO|--|179,0,0.5714285714285714,NA,NA,0,0,4,2.5,NA
603,48,81,Generic AI,Female,ASO,ASO|--|48,0,0.42857142857142855,NA,NA,0,0,NA,NA,NA
604,327,39,Tailored AI,Male,TSO,TSO|--|327,0,0.2857142857142857,0.8571428571428571,1,1,1,2.25,4,3
605,327,39,Tailored AI,Male,ASO,ASO|--|327,0,0.42857142857142855,0.7142857142857143,0.5714285714285714,1,1,3.25,3.5,5
606,327,39,Generic AI,Male,ASO,ASO|--|327,0,0.42857142857142855,0.42857142857142855,1,1,1,2.25,2.5,2.6666666666666665
607,327,39,Tailored AI,Male,ASO,ASO|--|327,0,0.2857142857142857,0.5714285714285714,NA,1,0,2.5,3,2.6666666666666665
608,327,39,Control,Male,ASO,ASO|--|327,0,0.2857142857142857,0.8571428571428571,1,1,1,2.75,3,NA
609,327,39,Generic AI,Male,ASO,ASO|--|327,0,0.14285714285714285,0.2857142857142857,NA,1,0,1.75,2,2
610,282,14,Tailored AI,Female,ASO,ASO|--|282,0,0.2857142857142857,NA,NA,0,0,2.5,2.5,NA
611,247,29,Generic AI,Female,ASO,ASO|--|247,0,0.14285714285714285,NA,NA,0,0,3,4,NA
612,247,44,Control,Male,ASO,ASO|--|247,0,0.7142857142857143,0.8571428571428571,NA,1,0,4.25,5,5
613,242,44,Generic AI,Female,ASO,ASO|--|242,0,0.7142857142857143,NA,NA,0,0,3,2.5,NA
614,242,44,Control,Male,ASO,ASO|--|242,0,0.7142857142857143,NA,NA,0,0,3.5,2,NA
615,247,44,Generic AI,Female,ASO,ASO|--|247,0,0.42857142857142855,NA,NA,0,0,3,1.5,NA
616,242,44,Tailored AI,Female,ASO,ASO|--|242,0,0.5714285714285714,NA,NA,0,0,4,3,NA
617,242,44,Tailored AI,Male,ASO,ASO|--|242,0,0.5714285714285714,NA,NA,0,0,3.5,1,NA
618,241,44,Generic AI,Female,ASO,ASO|--|241,0,0.14285714285714285,NA,NA,0,0,NA,NA,NA
619,241,44,Generic AI,Male,ASO,ASO|--|241,0,0.5714285714285714,NA,NA,0,0,4.5,3,NA
620,247,44,Generic AI,Female,ASO,ASO|--|247,0,0.42857142857142855,NA,NA,0,0,3.75,4,NA
621,247,44,Tailored AI,Female,ASO,ASO|--|247,0,0.5714285714285714,NA,NA,0,0,2.75,4,NA
622,247,44,Control,Male,ASO,ASO|--|247,0,0.7142857142857143,NA,NA,0,0,2.75,3,NA
623,242,44,Tailored AI,Male,ASO,ASO|--|242,0,0.2857142857142857,NA,NA,0,0,3,2.5,NA
624,247,44,Control,Female,ASO,ASO|--|247,0,0.42857142857142855,NA,NA,0,0,3,1,NA
625,242,44,Control,Female,ASO,ASO|--|242,0,0.42857142857142855,NA,NA,0,0,3,3,NA
626,241,44,Generic AI,Female,ASO,ASO|--|241,0,0.2857142857142857,NA,NA,0,0,2.5,1.5,NA
627,242,44,Control,Male,ASO,ASO|--|242,0,0,NA,NA,0,0,NA,NA,NA
628,179,28,Tailored AI,Female,ASO,ASO|--|179,0,0.42857142857142855,0.7142857142857143,NA,1,0,1.75,2,2.3333333333333335
629,249,40,Control,Female,ASO,ASO|--|249,0,0.5714285714285714,NA,NA,0,0,3.25,2.5,NA
630,456,20,Tailored AI,Female,TSO,TSO|--|456,0,0,NA,NA,0,0,NA,NA,NA
631,247,44,Control,Male,ASO,ASO|--|247,0,0.5714285714285714,NA,NA,0,0,3.5,2.5,NA
632,250,44,Control,Male,ASO,ASO|--|250,0,0.14285714285714285,NA,NA,0,0,3,2.5,NA
633,96,4,Tailored AI,Male,ASO,ASO|--|96,0,0.8571428571428571,NA,NA,0,0,2,2,NA
634,40,35,Generic AI,Male,TSO,TSO|--|40,0,0.42857142857142855,0.7142857142857143,NA,1,0,2.25,3,2
635,40,35,Generic AI,Male,TSO,TSO|--|40,0,0.42857142857142855,0.5714285714285714,0.2857142857142857,1,1,2.25,3,2
636,44,35,Tailored AI,Male,TSO,TSO|--|44,0,0.2857142857142857,0.5714285714285714,NA,1,0,3,2.5,2.3333333333333335
637,374,35,Control,Male,TSO,TSO|--|374,0,0.14285714285714285,0.14285714285714285,0.2857142857142857,1,1,2.25,2.5,4
638,36,35,Control,Female,TSO,TSO|--|36,0,0,0.14285714285714285,0.14285714285714285,1,1,1.25,2.5,1
639,46,35,Tailored AI,Female,TSO,TSO|--|46,0,0.2857142857142857,0.42857142857142855,NA,1,0,3,1.5,2
640,40,35,Control,Male,TSO,TSO|--|40,0,0.2857142857142857,0.2857142857142857,0.5714285714285714,1,1,2.25,2,2
641,297,35,Generic AI,Male,TSO,TSO|--|297,0,0.42857142857142855,0.7142857142857143,NA,1,0,3.25,2.5,1.3333333333333333
642,374,35,Generic AI,Female,TSO,TSO|--|374,0,0.42857142857142855,0.5714285714285714,0.8571428571428571,1,1,3.25,2,2.3333333333333335
643,40,35,Control,Female,TSO,TSO|--|40,0,0.14285714285714285,NA,NA,0,0,3.75,2.5,NA
644,37,35,Generic AI,Male,TSO,TSO|--|37,0,0.5714285714285714,NA,NA,0,0,3.5,3,NA
645,373,35,Generic AI,Male,TSO,TSO|--|373,0,0.42857142857142855,NA,NA,0,0,3.5,2,NA
646,96,5,Tailored AI,Female,ASO,ASO|--|96,0,0.14285714285714285,0.5714285714285714,NA,1,0,1,2,1.3333333333333333
647,62,14,Generic AI,Male,TSO,TSO|--|62,0,0.2857142857142857,NA,NA,0,0,1.75,2.5,NA
648,62,14,Tailored AI,Female,TSO,TSO|--|62,0,0.14285714285714285,NA,NA,0,0,3.5,2,NA
649,61,14,Generic AI,Male,TSO,TSO|--|61,0,0.2857142857142857,NA,NA,0,0,3,2.5,NA
650,62,14,Tailored AI,Male,TSO,TSO|--|62,0,0.2857142857142857,0.2857142857142857,NA,1,0,2.25,2.5,2.3333333333333335
651,62,14,Tailored AI,Male,TSO,TSO|--|62,0,0.2857142857142857,NA,NA,0,0,2,2,NA
652,28,14,Tailored AI,Female,TSO,TSO|--|28,0,0.14285714285714285,0.5714285714285714,NA,1,0,4.25,2.5,3
653,62,14,Tailored AI,Male,TSO,TSO|--|62,0,0.14285714285714285,0.14285714285714285,NA,1,0,2.25,2.5,2.3333333333333335
654,63,14,Generic AI,Male,TSO,TSO|--|63,0,0.2857142857142857,NA,NA,0,0,2.5,2,NA
655,62,14,Tailored AI,Female,TSO,TSO|--|62,0,0,NA,NA,0,0,3.5,4,NA
656,64,14,Tailored AI,Male,TSO,TSO|--|64,0,0.2857142857142857,0.2857142857142857,NA,1,0,2.25,3,2
657,62,14,Generic AI,Female,TSO,TSO|--|62,0,0.2857142857142857,NA,NA,0,0,2.75,3,NA
658,61,14,Generic AI,Female,TSO,TSO|--|61,0,0.14285714285714285,NA,NA,0,0,2.5,2.5,NA
659,61,14,Control,Other,TSO,TSO|--|61,0,0.14285714285714285,NA,NA,0,0,1.5,1.5,NA
660,62,14,Generic AI,Other,TSO,TSO|--|62,0,0.5714285714285714,NA,NA,0,0,2,2.5,NA
661,64,14,Tailored AI,Male,TSO,TSO|--|64,0,0.2857142857142857,NA,NA,0,0,2.75,2.5,NA
662,108,69,Generic AI,Male,ASO,ASO|--|108,0,0.7142857142857143,NA,NA,0,0,3.5,3,NA
663,110,69,Control,Male,ASO,ASO|--|110,0,0.42857142857142855,NA,NA,0,0,2.5,3,NA
664,108,69,Tailored AI,Male,ASO,ASO|--|108,0,0.2857142857142857,0.5714285714285714,NA,1,0,2.5,2,2.6666666666666665
665,110,69,Generic AI,Other,ASO,ASO|--|110,0,0.2857142857142857,NA,NA,0,0,1.5,3,NA
666,108,69,Generic AI,Male,ASO,ASO|--|108,0,0.5714285714285714,NA,NA,0,0,3.25,2.5,NA
667,70,72,Generic AI,Male,BSO,BSO|--|70,0,0,NA,NA,0,0,4.5,2.5,NA
668,71,72,Generic AI,Female,BSO,BSO|--|71,0,0,NA,NA,0,0,3,3,NA
669,71,72,Generic AI,Female,BSO,BSO|--|71,0,0.14285714285714285,NA,NA,0,0,4,2.5,NA
670,72,72,Tailored AI,Male,BSO,BSO|--|72,0,0.14285714285714285,NA,NA,0,0,2.5,2.5,NA
671,70,72,Generic AI,Male,BSO,BSO|--|70,0,0.14285714285714285,NA,NA,0,0,3.25,2,NA
672,71,72,Control,Female,BSO,BSO|--|71,0,0,NA,NA,0,0,3.5,4,NA
673,70,72,Generic AI,Female,BSO,BSO|--|70,0,0.14285714285714285,NA,NA,0,0,2.25,2,NA
674,74,72,Control,Female,ASO,ASO|--|74,0,0.14285714285714285,NA,NA,0,0,2,2,NA
675,70,72,Control,Female,BSO,BSO|--|70,0,0.5714285714285714,NA,NA,0,0,5,5,NA
676,70,72,Tailored AI,Male,BSO,BSO|--|70,0,0.5714285714285714,0.42857142857142855,NA,1,0,3.5,3,2
677,70,72,Generic AI,Female,BSO,BSO|--|70,0,0,NA,NA,0,0,2,2,NA
678,73,72,Control,Male,BSO,BSO|--|73,0,0.7142857142857143,NA,NA,0,0,2,2,NA
679,75,72,Control,Female,BSO,BSO|--|75,0,0.14285714285714285,NA,NA,0,0,2.25,2,NA
680,287,28,Control,Male,TSO,TSO|--|287,0,0.2857142857142857,NA,NA,0,0,2.75,1,NA
681,324,28,Generic AI,Female,ASO,ASO|--|324,0,0.2857142857142857,NA,NA,0,0,3.5,4,NA
682,324,28,Generic AI,Female,TSO,TSO|--|324,0,0.7142857142857143,NA,NA,0,0,2.75,2.5,NA
683,324,28,Tailored AI,Female,ASO,ASO|--|324,0,0.5714285714285714,NA,NA,0,0,2.75,5,NA
684,362,28,Tailored AI,Female,TSO,TSO|--|362,0,0.2857142857142857,NA,NA,0,0,2.5,2,NA
685,362,28,Control,Male,TSO,TSO|--|362,0,0.2857142857142857,NA,NA,0,0,3.25,1,NA
686,324,28,Generic AI,Male,TSO,TSO|--|324,0,0.7142857142857143,0.5714285714285714,NA,1,0,2.25,3,2
687,324,28,Generic AI,Male,TSO,TSO|--|324,0,0.7142857142857143,NA,NA,0,0,3.25,3,NA
688,324,28,Tailored AI,Female,TSO,TSO|--|324,0,0.14285714285714285,1,NA,1,0,2.75,1.5,3.3333333333333335
689,324,28,Tailored AI,Female,TSO,TSO|--|324,0,0.2857142857142857,NA,NA,0,0,2.75,2.5,NA
690,286,28,Generic AI,Female,TSO,TSO|--|286,0,0.14285714285714285,NA,NA,0,0,2.25,2.5,NA
691,260,28,Generic AI,Male,TSO,TSO|--|260,0,0.5714285714285714,NA,NA,0,0,2,2.5,NA
692,260,28,Tailored AI,Male,TSO,TSO|--|260,0,0.7142857142857143,NA,NA,0,0,4,4,NA
693,260,28,Generic AI,Male,TSO,TSO|--|260,0,0.2857142857142857,NA,NA,0,0,3,3,NA
694,324,28,Control,Male,TSO,TSO|--|324,0,0.5714285714285714,NA,NA,0,0,3.5,5,NA
695,260,28,Control,Other,TSO,TSO|--|260,0,0.7142857142857143,NA,NA,0,0,2,2.5,NA
696,363,28,Generic AI,Female,ASO,ASO|--|363,0,0.2857142857142857,NA,NA,0,0,3.25,2.5,NA
697,362,28,Control,Male,ASO,ASO|--|362,0,0.2857142857142857,NA,NA,0,0,2.25,2,NA
698,286,28,Tailored AI,Male,TSO,TSO|--|286,0,0.5714285714285714,1,NA,1,0,2.75,3,4.333333333333333
699,361,28,Control,Male,TSO,TSO|--|361,0,0.42857142857142855,NA,NA,0,0,2.25,2.5,NA
700,14,71,Tailored AI,Female,TSO,TSO|--|14,0,0,NA,NA,0,0,NA,NA,NA
701,437,71,Tailored AI,Female,ASO,ASO|--|437,0,0.5714285714285714,NA,NA,0,0,2,2,NA
702,87,71,Tailored AI,Female,TSO,TSO|--|87,0,0.8571428571428571,NA,NA,0,0,2,1.5,NA
703,88,71,Generic AI,Female,TSO,TSO|--|88,0,0,NA,NA,0,0,NA,NA,NA
704,324,28,Tailored AI,Male,TSO,TSO|--|324,0,0.5714285714285714,0.7142857142857143,NA,1,0,2.5,3,NA
705,341,72,Generic AI,Male,ASO,ASO|--|341,0,0.2857142857142857,NA,NA,0,0,2.5,2.5,NA
706,265,72,Control,Male,ASO,ASO|--|265,0,0.14285714285714285,NA,NA,0,0,2.25,1,NA
707,321,72,Generic AI,Male,ASO,ASO|--|321,0,0.14285714285714285,NA,NA,0,0,2.25,3.5,NA
708,321,72,Generic AI,Female,ASO,ASO|--|321,0,0,NA,NA,0,0,1.75,2,NA
709,340,72,Tailored AI,Female,ASO,ASO|--|340,0,0,NA,NA,0,0,NA,NA,NA
710,341,17,Control,Male,ASO,ASO|--|341,0,0.42857142857142855,NA,NA,0,0,2.5,3,NA
711,321,95,Control,Female,ASO,ASO|--|321,0,0.5714285714285714,NA,NA,0,0,1.75,2,NA
712,321,72,Generic AI,Female,ASO,ASO|--|321,0,0,NA,NA,0,0,2.75,2.5,NA
713,96,87,Generic AI,Other,ASO,ASO|--|96,0,0,NA,NA,0,0,2,2,NA
714,321,18,Generic AI,Female,ASO,ASO|--|321,0,0.14285714285714285,NA,NA,0,0,3.75,4,NA
715,252,71,Generic AI,Male,ASO,ASO|--|252,0,0.2857142857142857,NA,NA,0,0,3.75,3,NA
716,252,71,Control,Female,ASO,ASO|--|252,0,0.42857142857142855,0.7142857142857143,0.42857142857142855,1,1,2,1.5,3.6666666666666665
717,252,71,Generic AI,Female,ASO,ASO|--|252,0,0.7142857142857143,NA,NA,0,0,2.75,3,NA
718,252,71,Control,Male,TSO,TSO|--|252,0,0,NA,NA,0,0,NA,NA,NA
719,255,71,Tailored AI,Male,TSO,TSO|--|255,0,0.7142857142857143,0.7142857142857143,NA,1,0,2.25,2.5,2.6666666666666665
720,253,71,Tailored AI,Female,TSO,TSO|--|253,0,0,NA,NA,0,0,NA,NA,NA
721,254,71,Tailored AI,Male,TSO,TSO|--|254,0,0.2857142857142857,NA,NA,0,0,2.5,4,NA
722,282,14,Tailored AI,Female,ASO,ASO|--|282,0,0.2857142857142857,NA,NA,0,0,2.5,2.5,NA
723,307,14,Tailored AI,Female,TSO,TSO|--|307,0,0,0.42857142857142855,NA,1,0,3.25,1,3.3333333333333335
724,307,14,Tailored AI,Male,TSO,TSO|--|307,0,0.14285714285714285,0.42857142857142855,NA,1,0,3,3,1
725,306,14,Tailored AI,Female,TSO,TSO|--|306,0,0.2857142857142857,0.2857142857142857,NA,1,0,2.5,3,2.3333333333333335
726,306,14,Tailored AI,Male,TSO,TSO|--|306,0,0.2857142857142857,NA,NA,0,0,4,4,NA
727,306,14,Tailored AI,Female,TSO,TSO|--|306,0,0.7142857142857143,0.7142857142857143,0.8571428571428571,1,1,2.25,2,2.6666666666666665
728,387,14,Tailored AI,Male,TSO,TSO|--|387,0,0.5714285714285714,0.2857142857142857,0.42857142857142855,1,1,2.75,2,2
729,307,14,Tailored AI,Male,TSO,TSO|--|307,0,0.2857142857142857,0.42857142857142855,0.8571428571428571,1,1,3.75,2.5,4
730,307,14,Generic AI,Male,TSO,TSO|--|307,0,0.5714285714285714,0.42857142857142855,NA,1,0,2.75,2,2
731,307,14,Control,Male,TSO,TSO|--|307,0,0,0.7142857142857143,NA,1,0,1.75,2,4
732,306,14,Generic AI,Male,TSO,TSO|--|306,0,0.2857142857142857,NA,NA,0,0,2,2,NA
733,307,14,Generic AI,Female,TSO,TSO|--|307,0,0.5714285714285714,0.7142857142857143,NA,1,0,4.25,5,4
734,307,14,Tailored AI,Female,TSO,TSO|--|307,0,0.5714285714285714,0.7142857142857143,0.7142857142857143,1,1,4.25,5,2
735,387,14,Tailored AI,Male,TSO,TSO|--|387,0,0.14285714285714285,0.8571428571428571,NA,1,0,4,4,2
736,307,14,Control,Male,TSO,TSO|--|307,0,0.2857142857142857,0.42857142857142855,NA,1,0,1.75,2,2
737,386,14,Tailored AI,Male,TSO,TSO|--|386,0,0,0.2857142857142857,NA,1,0,1.25,3,2
738,440,14,Tailored AI,Female,TSO,TSO|--|440,0,0,NA,NA,0,0,2,2,NA
739,386,14,Generic AI,Female,TSO,TSO|--|386,0,0.42857142857142855,0.14285714285714285,NA,1,0,2,1.5,2.3333333333333335
740,307,71,Generic AI,Male,TSO,TSO|--|307,0,0.2857142857142857,0.2857142857142857,NA,1,0,NA,NA,2.6666666666666665
741,387,14,Generic AI,Male,TSO,TSO|--|387,0,0.42857142857142855,0.42857142857142855,NA,1,0,2,2,2
742,440,14,Generic AI,Female,TSO,TSO|--|440,0,0.14285714285714285,NA,NA,0,0,2.25,2,NA
743,475,49,Control,Female,ASO,ASO|--|475,0,0,1,NA,1,0,3,2.5,1.6666666666666667
744,475,35,Control,Female,ASO,ASO|--|475,0,0.14285714285714285,0.8571428571428571,NA,1,0,3.25,2,1
745,475,35,Generic AI,Male,ASO,ASO|--|475,0,0.5714285714285714,0.8571428571428571,1,1,1,3.5,3,2.6666666666666665
746,475,35,Control,Male,ASO,ASO|--|475,0,0.2857142857142857,1,0.8571428571428571,1,1,1.5,2,2
747,2,96,Generic AI,Female,ASO,ASO|--|2,0,0.42857142857142855,NA,NA,0,0,2.25,3,NA
748,223,71,Generic AI,Female,KSO,KSO|--|223,0,0.14285714285714285,NA,NA,0,0,2,2,NA
749,223,71,Generic AI,Female,KSO,KSO|--|223,0,0.2857142857142857,NA,NA,0,0,2.75,3,NA
750,223,32,Generic AI,Female,KSO,KSO|--|223,0,0.2857142857142857,NA,NA,0,0,3,3,NA
751,225,94,Tailored AI,Male,KSO,KSO|--|225,0,0,0.42857142857142855,NA,1,0,2,2,4
752,125,81,Control,Male,TSO,TSO|--|125,0,0.42857142857142855,NA,NA,0,0,2.5,3,NA
753,138,81,Generic AI,Male,TSO,TSO|--|138,0,0,NA,NA,0,0,5,5,NA
754,124,81,Tailored AI,Female,TSO,TSO|--|124,0,0.2857142857142857,0.42857142857142855,NA,1,0,2.25,3,2
755,119,81,Generic AI,Female,TSO,TSO|--|119,0,0,NA,NA,0,0,1.75,2,NA
756,138,81,Generic AI,Female,TSO,TSO|--|138,0,0.14285714285714285,NA,NA,0,0,3,2,NA
757,118,94,Control,Female,TSO,TSO|--|118,0,0,NA,NA,0,0,3.25,4,NA
758,148,81,Tailored AI,Male,TSO,TSO|--|148,0,0.42857142857142855,NA,NA,0,0,5,4,NA
759,147,81,Control,Male,TSO,TSO|--|147,0,0.14285714285714285,NA,NA,0,0,2.25,3.5,NA
760,147,81,Tailored AI,Female,TSO,TSO|--|147,0,0.14285714285714285,0.14285714285714285,NA,1,0,3.25,2.5,5
761,126,81,Control,Male,ASO,ASO|--|126,0,0.2857142857142857,NA,NA,0,0,5,4,NA
762,126,81,Control,Male,TSO,TSO|--|126,0,0.14285714285714285,NA,NA,0,0,2.5,3,NA
763,146,81,Control,Female,TSO,TSO|--|146,0,0.14285714285714285,NA,NA,0,0,2,2,NA
764,119,81,Generic AI,Female,TSO,TSO|--|119,0,0,NA,NA,0,0,4.5,3,NA
765,134,94,Control,Male,TSO,TSO|--|134,0,0.14285714285714285,NA,NA,0,0,1.25,4,NA
766,127,35,Generic AI,Female,TSO,TSO|--|127,0,0,NA,NA,0,0,NA,NA,NA
767,127,35,Generic AI,Female,TSO,TSO|--|127,0,0.2857142857142857,0.8571428571428571,0.8571428571428571,1,1,4,3,2
768,447,35,Tailored AI,Male,TSO,TSO|--|447,0,0.5714285714285714,0.8571428571428571,0.8571428571428571,1,1,3,3,3
769,127,35,Generic AI,Female,TSO,TSO|--|127,0,0.14285714285714285,0.7142857142857143,1,1,1,3,3,2
770,127,35,Tailored AI,Female,TSO,TSO|--|127,0,0.2857142857142857,0.7142857142857143,NA,1,0,3.5,3.5,NA
771,127,35,Control,Male,TSO,TSO|--|127,0,0.5714285714285714,0.8571428571428571,1,1,1,3,2.5,3
772,332,60,Control,Male,ASO,ASO|--|332,0,0.7142857142857143,NA,NA,0,0,3.5,3.5,NA
773,409,60,Generic AI,Male,TSO,TSO|--|409,0,0.2857142857142857,NA,NA,0,0,2,5,NA
774,332,60,Control,Male,TSO,TSO|--|332,0,0.8571428571428571,NA,NA,0,0,2.5,5,NA
775,408,60,Tailored AI,Male,TSO,TSO|--|408,0,0.2857142857142857,0.7142857142857143,NA,1,0,2.75,2,3.6666666666666665
776,405,60,Control,Male,TSO,TSO|--|405,0,0.8571428571428571,0.7142857142857143,0.14285714285714285,1,1,2.25,2.5,2
777,333,60,Tailored AI,Male,TSO,TSO|--|333,0,0.14285714285714285,0.14285714285714285,NA,1,0,3.75,5,3.6666666666666665
778,96,66,Generic AI,Female,ASO,ASO|--|96,0,0.2857142857142857,NA,NA,0,0,1.25,1.5,NA
779,434,60,Control,Male,TSO,TSO|--|434,0,0,NA,NA,0,0,2.25,2,NA
780,223,71,Control,Female,ASO,ASO|--|223,0,0.7142857142857143,0.8571428571428571,NA,1,0,3.5,3.5,3
781,223,71,Generic AI,Female,KSO,KSO|--|223,0,0.2857142857142857,NA,NA,0,0,2.25,2.5,NA
782,225,71,Control,Male,ASO,ASO|--|225,0,0.42857142857142855,NA,NA,0,0,3.5,3,NA
783,226,71,Control,Male,ASO,ASO|--|226,0,0.42857142857142855,NA,NA,0,0,3,4,NA
784,225,71,Tailored AI,Female,ASO,ASO|--|225,0,0.7142857142857143,0.8571428571428571,NA,1,0,3.25,3.5,3
785,225,71,Generic AI,Male,ASO,ASO|--|225,0,0.7142857142857143,NA,NA,0,0,2.5,2.5,NA
786,225,71,Control,Male,KSO,KSO|--|225,0,0,NA,NA,0,0,3.5,3,NA
787,224,71,Tailored AI,Female,KSO,KSO|--|224,0,0.5714285714285714,1,NA,1,0,2.25,1.5,2.6666666666666665
788,225,71,Generic AI,Female,ASO,ASO|--|225,0,0.7142857142857143,0.8571428571428571,NA,1,0,4,3.5,3.6666666666666665
789,223,71,Tailored AI,Male,ASO,ASO|--|223,0,0.2857142857142857,0.5714285714285714,NA,1,0,2.25,4,2
790,223,71,Generic AI,Female,ASO,ASO|--|223,0,0.5714285714285714,0.8571428571428571,NA,1,0,2.75,2.5,3
791,225,71,Tailored AI,Other,ASO,ASO|--|225,0,0.42857142857142855,NA,NA,0,0,5,5,NA
792,225,71,Control,Female,KSO,KSO|--|225,0,0,NA,NA,0,0,1.25,1.5,NA
793,224,71,Tailored AI,Male,ASO,ASO|--|224,0,0.2857142857142857,0.7142857142857143,NA,1,0,4,4,5
794,225,71,Generic AI,Male,ASO,ASO|--|225,0,0.5714285714285714,NA,NA,0,0,4.25,3,NA
795,224,71,Control,Female,ASO,ASO|--|224,0,0.14285714285714285,NA,NA,0,0,5,5,NA
796,224,71,Control,Female,KSO,KSO|--|224,0,0.8571428571428571,NA,NA,0,0,2.5,2.5,NA
797,225,93,Tailored AI,Male,KSO,KSO|--|225,0,0,0.42857142857142855,NA,1,0,2,2,4
798,223,71,Generic AI,Female,KSO,KSO|--|223,0,0,NA,NA,0,0,3,3.5,NA
799,223,71,Generic AI,Female,KSO,KSO|--|223,0,0.2857142857142857,NA,NA,0,0,2.75,3,NA
800,223,71,Generic AI,Male,KSO,KSO|--|223,0,0.2857142857142857,NA,NA,0,0,3.75,4,NA
801,408,60,Tailored AI,Male,ASO,ASO|--|408,0,0.2857142857142857,0.7142857142857143,0.42857142857142855,1,1,2.5,3,3
802,408,60,Generic AI,Male,ASO,ASO|--|408,0,0.14285714285714285,0.8571428571428571,1,1,1,2.75,3,2.3333333333333335
803,408,60,Generic AI,Male,ASO,ASO|--|408,0,0.2857142857142857,0.42857142857142855,0.2857142857142857,1,1,1.5,1,2.3333333333333335
804,332,60,Generic AI,Female,ASO,ASO|--|332,0,0.14285714285714285,0.14285714285714285,0.2857142857142857,1,1,2.25,3,2
805,408,60,Generic AI,Male,ASO,ASO|--|408,0,0.42857142857142855,0.5714285714285714,0.5714285714285714,1,1,2.75,2.5,3
806,332,60,Control,Male,ASO,ASO|--|332,0,0.2857142857142857,0.5714285714285714,0.7142857142857143,1,1,3.25,3,3
807,315,60,Tailored AI,Male,ASO,ASO|--|315,0,0.14285714285714285,0.42857142857142855,0.42857142857142855,1,1,2.75,4,3.3333333333333335
808,118,81,Control,Male,TSO,TSO|--|118,0,0.14285714285714285,0.42857142857142855,NA,1,0,4.5,2.5,2
809,118,81,Control,Male,TSO,TSO|--|118,0,0,0.14285714285714285,NA,1,0,3.25,4,2
810,130,81,Control,Male,TSO,TSO|--|130,0,0.42857142857142855,0.2857142857142857,NA,1,0,3,3,2
811,147,81,Generic AI,Female,TSO,TSO|--|147,0,0.14285714285714285,NA,NA,0,0,2.25,3,NA
812,118,81,Control,Female,TSO,TSO|--|118,0,0,0.42857142857142855,NA,1,0,2.25,2.5,2
813,135,81,Generic AI,Female,TSO,TSO|--|135,0,0.14285714285714285,0.2857142857142857,NA,1,0,1.75,2,2.3333333333333335
814,119,81,Control,Male,TSO,TSO|--|119,0,0.14285714285714285,0.42857142857142855,NA,1,0,2.25,4,2
815,117,81,Control,Male,ASO,ASO|--|117,0,0.2857142857142857,NA,NA,0,0,1.75,2,NA
816,118,81,Tailored AI,Female,TSO,TSO|--|118,0,0,NA,NA,0,0,3.25,3,NA
817,137,81,Tailored AI,Male,TSO,TSO|--|137,0,0.42857142857142855,NA,NA,0,0,2.5,2.5,NA
818,146,81,Control,Female,TSO,TSO|--|146,0,0.14285714285714285,0.14285714285714285,NA,1,0,2,3,2
819,146,81,Generic AI,Female,TSO,TSO|--|146,0,0.14285714285714285,NA,NA,0,0,3.75,2.5,NA
820,120,81,Generic AI,Male,TSO,TSO|--|120,0,0.5714285714285714,NA,NA,0,0,4,4,NA
821,125,81,Tailored AI,Female,TSO,TSO|--|125,0,0.14285714285714285,0.8571428571428571,NA,1,0,2.5,3,3.6666666666666665
822,118,81,Tailored AI,Female,TSO,TSO|--|118,0,0.14285714285714285,NA,NA,0,0,3,5,NA
823,135,81,Control,Male,TSO,TSO|--|135,0,0.14285714285714285,0.2857142857142857,NA,1,0,2.5,4,2.6666666666666665
824,318,22,Tailored AI,Male,TSO,TSO|--|318,0,0.14285714285714285,0.14285714285714285,NA,1,0,3.5,2.5,3
825,408,60,Control,Male,ASO,ASO|--|408,0,0.14285714285714285,0.8571428571428571,1,1,1,3,2,2.6666666666666665
826,332,60,Control,Male,ASO,ASO|--|332,0,0.42857142857142855,0.8571428571428571,0.8571428571428571,1,1,3.5,2.5,2.3333333333333335
827,332,60,Generic AI,Female,ASO,ASO|--|332,0,0.14285714285714285,NA,NA,0,0,2.25,2.5,NA
828,332,60,Control,Female,ASO,ASO|--|332,0,0.42857142857142855,0.42857142857142855,0.14285714285714285,1,1,2.75,2.5,1.3333333333333333
829,408,60,Tailored AI,Female,ASO,ASO|--|408,0,0.14285714285714285,0.42857142857142855,NA,1,0,2.25,2.5,2.3333333333333335
830,408,60,Control,Female,ASO,ASO|--|408,0,0.2857142857142857,0.7142857142857143,NA,1,0,2.25,2.5,4
831,332,60,Control,Female,ASO,ASO|--|332,0,0.2857142857142857,0.7142857142857143,NA,1,0,3.5,2.5,2.6666666666666665
832,409,60,Control,Female,ASO,ASO|--|409,0,0,0.5714285714285714,NA,1,0,2.5,2,1.3333333333333333
833,408,60,Generic AI,Female,ASO,ASO|--|408,0,0.2857142857142857,0.8571428571428571,0.8571428571428571,1,1,3,3,2.3333333333333335
834,333,60,Control,Male,ASO,ASO|--|333,0,0.2857142857142857,0.2857142857142857,0.2857142857142857,1,1,2.5,2.5,NA
835,408,60,Tailored AI,Male,ASO,ASO|--|408,0,0.42857142857142855,0.8571428571428571,0.8571428571428571,1,1,3,2,3
836,408,60,Tailored AI,Male,ASO,ASO|--|408,0,0.2857142857142857,NA,NA,0,0,3.25,2.5,NA
837,284,14,Generic AI,Female,ASO,ASO|--|284,0,0.2857142857142857,NA,NA,0,0,3,3,NA
838,279,14,Generic AI,Male,ASO,ASO|--|279,0,0.14285714285714285,NA,NA,0,0,2,2.5,NA
839,283,14,Tailored AI,Other,ASO,ASO|--|283,0,0.2857142857142857,NA,NA,0,0,3.75,3,NA
840,282,14,Control,Female,ASO,ASO|--|282,0,0.2857142857142857,NA,NA,0,0,2.5,3,NA
841,358,14,Generic AI,Male,ASO,ASO|--|358,0,0.14285714285714285,NA,NA,0,0,2.75,2.5,NA
842,357,14,Tailored AI,Male,ASO,ASO|--|357,0,0,NA,NA,0,0,1.75,2.5,NA
843,275,30,Control,Male,ASO,ASO|--|275,0,0.5714285714285714,NA,NA,0,0,4,5,NA
844,283,14,Generic AI,Male,ASO,ASO|--|283,0,0.14285714285714285,NA,NA,0,0,3.5,2.5,NA
845,359,14,Generic AI,Male,ASO,ASO|--|359,0,0.2857142857142857,NA,NA,0,0,3.5,2.5,NA
846,357,14,Generic AI,Male,ASO,ASO|--|357,0,0.2857142857142857,NA,NA,0,0,3,2.5,NA
847,279,14,Generic AI,Female,ASO,ASO|--|279,0,0.42857142857142855,NA,NA,0,0,3.25,3,NA
848,279,14,Control,Other,ASO,ASO|--|279,0,0.14285714285714285,NA,NA,0,0,3.25,2.5,NA
849,278,14,Control,Male,ASO,ASO|--|278,0,0,NA,NA,0,0,3.75,5,NA
850,18,69,Control,Male,ASO,ASO|--|18,0,0.42857142857142855,NA,NA,0,0,3.25,2,NA
851,332,67,Control,Female,ASO,ASO|--|332,0,0.42857142857142855,0.5714285714285714,0.5714285714285714,1,1,3.25,3,2
852,330,14,Tailored AI,Female,ASO,ASO|--|330,0,0.42857142857142855,0.42857142857142855,NA,1,0,2.75,3,3
853,330,14,Control,Female,ASO,ASO|--|330,0,0.14285714285714285,NA,NA,0,0,2.25,3,NA
854,330,14,Generic AI,Female,ASO,ASO|--|330,0,0,NA,NA,0,0,2.75,1.5,NA
855,401,14,Tailored AI,Female,ASO,ASO|--|401,0,0.14285714285714285,NA,NA,0,0,2,2,NA
856,404,14,Tailored AI,Male,ASO,ASO|--|404,0,0.5714285714285714,0.8571428571428571,NA,1,0,2.75,4,3
857,330,14,Control,Female,ASO,ASO|--|330,0,0.2857142857142857,NA,NA,0,0,3,2.5,NA
858,330,14,Generic AI,Female,ASO,ASO|--|330,0,0.5714285714285714,NA,NA,0,0,3.5,2.5,NA
859,401,14,Tailored AI,Female,ASO,ASO|--|401,0,0,NA,NA,0,0,2.25,1,NA
860,401,14,Tailored AI,Female,ASO,ASO|--|401,0,0,NA,NA,0,0,2.25,2,NA
861,330,14,Control,Male,ASO,ASO|--|330,0,0.5714285714285714,0.8571428571428571,NA,1,0,3,2.5,2.6666666666666665
862,403,14,Control,Female,ASO,ASO|--|403,0,0.2857142857142857,NA,NA,0,0,2.5,2.5,NA
863,330,14,Tailored AI,Female,ASO,ASO|--|330,0,0.14285714285714285,NA,NA,0,0,3.75,2,NA
864,401,14,Generic AI,Male,ASO,ASO|--|401,0,0.42857142857142855,NA,NA,0,0,3,2,NA
865,314,14,Control,Female,ASO,ASO|--|314,0,0.2857142857142857,NA,NA,0,0,2.5,2,NA
866,330,14,Control,Female,ASO,ASO|--|330,0,0.14285714285714285,NA,NA,0,0,2.75,3,NA
867,403,14,Generic AI,Female,ASO,ASO|--|403,0,0.42857142857142855,NA,NA,0,0,2.5,2.5,NA
868,330,14,Control,Female,ASO,ASO|--|330,0,0,NA,NA,0,0,3,2,NA
869,330,14,Tailored AI,Male,ASO,ASO|--|330,0,0.2857142857142857,NA,NA,0,0,3,4,NA
870,401,14,Control,Female,ASO,ASO|--|401,0,0.14285714285714285,NA,NA,0,0,2.5,2,NA
871,330,14,Control,Female,ASO,ASO|--|330,0,0.2857142857142857,NA,NA,0,0,3.25,3,NA
872,62,14,Control,Male,TSO,TSO|--|62,0,0.5714285714285714,NA,NA,0,0,1.5,2,NA
873,61,14,Control,Male,TSO,TSO|--|61,0,0.8571428571428571,NA,NA,0,0,2.5,3,NA
874,62,14,Generic AI,Female,TSO,TSO|--|62,0,0,NA,NA,0,0,NA,NA,NA
875,65,14,Control,Male,TSO,TSO|--|65,0,0,NA,NA,0,0,NA,NA,NA
876,61,14,Control,Male,TSO,TSO|--|61,0,0.14285714285714285,NA,NA,0,0,2,2,NA
877,62,14,Generic AI,Male,TSO,TSO|--|62,0,0.2857142857142857,NA,NA,0,0,2.75,3,NA
878,64,14,Tailored AI,Other,TSO,TSO|--|64,0,0.5714285714285714,NA,NA,0,0,1.5,2,NA
879,62,14,Control,Male,TSO,TSO|--|62,0,0,NA,NA,0,0,NA,NA,NA
880,221,14,Tailored AI,Male,ASO,ASO|--|221,0,0.14285714285714285,NA,NA,0,0,2.5,1,NA
881,221,14,Control,Female,ASO,ASO|--|221,0,0,NA,NA,0,0,3,2,NA
882,220,14,Generic AI,Male,ASO,ASO|--|220,0,0,NA,NA,0,0,3.5,3,NA
883,221,14,Control,Female,ASO,ASO|--|221,0,0.42857142857142855,NA,NA,0,0,2,2.5,NA
884,220,14,Control,Female,TSO,TSO|--|220,0,0.14285714285714285,NA,NA,0,0,2.5,2.5,NA
885,220,14,Generic AI,Female,ASO,ASO|--|220,0,0,NA,NA,0,0,3,2.5,NA
886,221,14,Tailored AI,Female,TSO,TSO|--|221,0,0,NA,NA,0,0,2.5,3,NA
887,220,14,Tailored AI,Female,ASO,ASO|--|220,0,0.42857142857142855,NA,NA,0,0,3.25,2.5,NA
888,221,14,Generic AI,Male,ASO,ASO|--|221,0,0.2857142857142857,NA,NA,0,0,2.5,3.5,NA
889,221,14,Generic AI,Male,ASO,ASO|--|221,0,0,NA,NA,0,0,NA,NA,NA
890,221,14,Control,Male,ASO,ASO|--|221,0,0,NA,NA,0,0,NA,NA,NA
891,454,28,Control,Female,ASO,ASO|--|454,0,0.42857142857142855,0.5714285714285714,NA,1,0,2.75,3,2.3333333333333335
892,452,28,Generic AI,Male,ASO,ASO|--|452,0,0.14285714285714285,0.8571428571428571,NA,1,0,2,2.5,2.3333333333333335
893,452,28,Control,Male,ASO,ASO|--|452,0,0.2857142857142857,0.14285714285714285,NA,1,0,2.5,2.5,2
894,451,28,Tailored AI,Male,ASO,ASO|--|451,0,0.2857142857142857,0.8571428571428571,NA,1,0,2.25,2,2.3333333333333335
895,451,28,Control,Female,ASO,ASO|--|451,0,0.5714285714285714,NA,NA,0,0,2.5,3,NA
896,451,28,Tailored AI,Female,ASO,ASO|--|451,0,0.5714285714285714,0.8571428571428571,NA,1,0,2.5,2,3
897,451,28,Tailored AI,Female,ASO,ASO|--|451,0,0.5714285714285714,0.8571428571428571,NA,1,0,2.25,2.5,2.6666666666666665
898,451,28,Control,Female,ASO,ASO|--|451,0,0.2857142857142857,1,NA,1,0,2,1,1
899,451,28,Generic AI,Female,ASO,ASO|--|451,0,0.2857142857142857,0.7142857142857143,NA,1,0,1.5,3,NA
900,450,28,Tailored AI,Male,ASO,ASO|--|450,0,0.2857142857142857,0.14285714285714285,NA,1,0,2.5,2.5,2
901,451,28,Tailored AI,Male,ASO,ASO|--|451,0,0.14285714285714285,NA,NA,0,0,1.75,2,NA
902,6,17,Control,Female,ASO,ASO|--|6,0,0.5714285714285714,NA,NA,0,0,2.25,3,NA
903,121,81,Tailored AI,Male,TSO,TSO|--|121,0,0.2857142857142857,NA,NA,0,0,2.5,2.5,NA
904,408,60,Tailored AI,Male,TSO,TSO|--|408,0,0,NA,NA,0,0,NA,NA,NA
905,408,60,Generic AI,Male,TSO,TSO|--|408,0,0.14285714285714285,NA,NA,0,0,1,1,NA
906,332,60,Generic AI,Female,TSO,TSO|--|332,0,0,NA,NA,0,0,NA,NA,NA
907,434,60,Control,Female,TSO,TSO|--|434,0,0,NA,NA,0,0,2.25,1.5,NA
908,408,60,Control,Female,TSO,TSO|--|408,0,0.42857142857142855,NA,NA,0,0,2,2,NA
909,408,60,Tailored AI,Female,TSO,TSO|--|408,0,0.14285714285714285,NA,NA,0,0,2.5,2.5,NA
910,332,60,Generic AI,Female,TSO,TSO|--|332,0,0,NA,NA,0,0,NA,NA,NA
911,333,60,Tailored AI,Male,TSO,TSO|--|333,0,0.42857142857142855,0.7142857142857143,NA,1,0,3,3,3
912,332,60,Tailored AI,Male,TSO,TSO|--|332,0,0.14285714285714285,0.7142857142857143,NA,1,0,3.75,2,3
913,106,81,Tailored AI,Male,TSO,TSO|--|106,0,0.5714285714285714,NA,NA,0,0,NA,NA,NA
914,6,58,Control,Male,ASO,ASO|--|6,0,0.2857142857142857,0.5714285714285714,NA,1,0,3.5,2.5,2.6666666666666665
915,6,58,Generic AI,Male,ASO,ASO|--|6,0,0.2857142857142857,0.5714285714285714,NA,1,0,3,5,3.3333333333333335
916,332,60,Control,Male,ASO,ASO|--|332,0,0,0.7142857142857143,NA,1,0,3,3,3
917,333,60,Tailored AI,Female,ASO,ASO|--|333,0,0.14285714285714285,NA,NA,0,0,3.5,3,NA
918,434,60,Generic AI,Female,ASO,ASO|--|434,0,0.14285714285714285,NA,NA,0,0,2.25,2,NA
919,405,60,Generic AI,Male,ASO,ASO|--|405,0,0,0.8571428571428571,NA,1,0,2.75,3,2
920,332,60,Tailored AI,Female,ASO,ASO|--|332,0,0.2857142857142857,NA,NA,0,0,2.75,2,NA
921,405,60,Control,Male,ASO,ASO|--|405,0,0,NA,NA,0,0,3,2.5,NA
922,409,30,Tailored AI,Female,ASO,ASO|--|409,0,0.2857142857142857,0.2857142857142857,NA,1,0,2.25,2.5,1.6666666666666667
923,408,60,Control,Male,ASO,ASO|--|408,0,0.14285714285714285,0.2857142857142857,NA,1,0,2,2.5,2.3333333333333335
924,408,60,Control,Male,ASO,ASO|--|408,0,0,0.7142857142857143,NA,1,0,2.75,2.5,2
925,408,60,Generic AI,Female,ASO,ASO|--|408,0,0.42857142857142855,NA,NA,0,0,2,2,NA
926,408,60,Control,Male,ASO,ASO|--|408,0,0,0.42857142857142855,NA,1,0,3,2.5,3.6666666666666665
927,332,60,Control,Female,ASO,ASO|--|332,0,0,NA,NA,0,0,2.75,2,NA
928,332,60,Tailored AI,Male,ASO,ASO|--|332,0,0.14285714285714285,0.2857142857142857,NA,1,0,3.5,2.5,2.6666666666666665
929,332,60,Generic AI,Female,ASO,ASO|--|332,0,0.2857142857142857,NA,NA,0,0,5,3,NA
930,408,60,Control,Female,ASO,ASO|--|408,0,0.14285714285714285,NA,NA,0,0,2.5,2,NA
931,468,31,Tailored AI,Female,ASO,ASO|--|468,0,0.8571428571428571,NA,NA,0,0,4,2.5,NA
932,460,79,Control,Male,ASO,ASO|--|460,0,0.8571428571428571,NA,NA,0,0,5,5,NA
933,418,33,Generic AI,Female,ASO,ASO|--|418,0,0,NA,NA,0,0,NA,NA,NA
934,321,24,Control,Male,ASO,ASO|--|321,0,0.42857142857142855,NA,NA,0,0,2.75,2,NA
935,340,72,Tailored AI,Female,ASO,ASO|--|340,0,0.14285714285714285,NA,NA,0,0,2.75,1.5,NA
936,341,72,Generic AI,Female,ASO,ASO|--|341,0,0.14285714285714285,NA,NA,0,0,2.5,2,NA
937,321,72,Tailored AI,Male,ASO,ASO|--|321,0,0.5714285714285714,NA,NA,0,0,3,4,NA
938,321,72,Tailored AI,Female,ASO,ASO|--|321,0,0.14285714285714285,NA,NA,0,0,3.75,2.5,NA
939,266,72,Generic AI,Female,ASO,ASO|--|266,0,0.14285714285714285,NA,NA,0,0,3.25,4,NA
940,341,72,Tailored AI,Female,ASO,ASO|--|341,0,0.14285714285714285,NA,NA,0,0,2.5,2,NA
941,264,72,Generic AI,Male,ASO,ASO|--|264,0,0.14285714285714285,NA,NA,0,0,3.25,3,NA
942,345,72,Tailored AI,Male,ASO,ASO|--|345,0,0.14285714285714285,NA,NA,0,0,2.25,2,NA
943,321,72,Generic AI,Female,ASO,ASO|--|321,0,0.2857142857142857,NA,NA,0,0,4,3,NA
944,340,72,Control,Male,ASO,ASO|--|340,0,0.5714285714285714,NA,NA,0,0,3.75,5,NA
945,321,72,Generic AI,Female,ASO,ASO|--|321,0,0,NA,NA,0,0,2.5,4,NA
946,341,72,Generic AI,Female,ASO,ASO|--|341,0,0,NA,NA,0,0,2.25,2,NA
947,343,72,Generic AI,Female,ASO,ASO|--|343,0,0,NA,NA,0,0,2.25,2.5,NA
948,264,72,Tailored AI,Male,ASO,ASO|--|264,0,0,NA,NA,0,0,2,2,NA
949,266,72,Tailored AI,Female,ASO,ASO|--|266,0,0.14285714285714285,NA,NA,0,0,2,2.5,NA
950,321,72,Tailored AI,Female,ASO,ASO|--|321,0,0.14285714285714285,NA,NA,0,0,3,4,NA
951,321,72,Generic AI,Female,ASO,ASO|--|321,0,0.42857142857142855,NA,NA,0,0,3,3,NA
952,340,72,Generic AI,Male,ASO,ASO|--|340,0,0.14285714285714285,NA,NA,0,0,2.25,2,NA
953,321,72,Generic AI,Male,ASO,ASO|--|321,0,0.42857142857142855,NA,NA,0,0,2.5,1.5,NA
954,268,72,Generic AI,Female,ASO,ASO|--|268,0,0.2857142857142857,NA,NA,0,0,2.25,3,NA
955,321,72,Control,Female,ASO,ASO|--|321,0,0.2857142857142857,NA,NA,0,0,4,4,NA
956,345,72,Generic AI,Male,ASO,ASO|--|345,0,0.2857142857142857,NA,NA,0,0,3.75,3,NA
957,341,72,Control,Female,ASO,ASO|--|341,0,0,NA,NA,0,0,2.25,2,NA
958,327,39,Generic AI,Male,ASO,ASO|--|327,0,0.2857142857142857,0.5714285714285714,NA,1,0,3,2,2.6666666666666665
959,327,39,Tailored AI,Female,ASO,ASO|--|327,0,0.7142857142857143,0.7142857142857143,NA,1,0,3,3,1
960,327,39,Generic AI,Female,ASO,ASO|--|327,0,0.2857142857142857,0.7142857142857143,0.8571428571428571,1,1,3,2.5,NA
961,327,39,Tailored AI,Male,ASO,ASO|--|327,0,0.14285714285714285,0.5714285714285714,NA,1,0,2.25,2.5,2
962,327,39,Control,Male,ASO,ASO|--|327,0,0.5714285714285714,0.8571428571428571,NA,1,0,3,2,2.3333333333333335
963,327,39,Generic AI,Male,ASO,ASO|--|327,0,0.5714285714285714,1,NA,1,0,4,1,2.3333333333333335
964,327,39,Generic AI,Male,ASO,ASO|--|327,0,0.2857142857142857,0.2857142857142857,0.7142857142857143,1,1,2.5,2.5,2.3333333333333335
965,327,39,Control,Male,ASO,ASO|--|327,0,0.7142857142857143,0.7142857142857143,1,1,1,3,5,3
966,327,39,Control,Female,ASO,ASO|--|327,0,0.5714285714285714,0.7142857142857143,NA,1,0,3,1.5,1.6666666666666667
967,327,39,Generic AI,Female,ASO,ASO|--|327,0,0.14285714285714285,0.42857142857142855,NA,1,0,2.75,2.5,2.6666666666666665
968,384,39,Generic AI,Male,ASO,ASO|--|384,0,0.7142857142857143,0.8571428571428571,NA,1,0,2.75,3,2.3333333333333335
969,327,39,Control,Male,ASO,ASO|--|327,0,0.5714285714285714,0.42857142857142855,NA,1,0,2,2.5,4
970,327,39,Generic AI,Male,ASO,ASO|--|327,0,0.42857142857142855,1,NA,1,0,2.5,2.5,2.6666666666666665
971,327,39,Control,Male,ASO,ASO|--|327,0,0.42857142857142855,0.5714285714285714,NA,1,0,2.5,2,1.3333333333333333
972,327,39,Control,Male,ASO,ASO|--|327,0,0.5714285714285714,0.7142857142857143,NA,1,0,2.75,4,3
973,327,39,Control,Female,ASO,ASO|--|327,0,0.5714285714285714,0.5714285714285714,NA,1,0,3.5,2.5,2.6666666666666665
974,327,39,Tailored AI,Male,ASO,ASO|--|327,0,0.42857142857142855,0.5714285714285714,0.7142857142857143,1,1,2.5,2.5,3
975,327,39,Control,Female,ASO,ASO|--|327,0,0.2857142857142857,0.42857142857142855,0.8571428571428571,1,1,2.75,1.5,2
976,327,39,Generic AI,Female,ASO,ASO|--|327,0,0.7142857142857143,0.7142857142857143,NA,1,0,3.25,2,2.3333333333333335
977,327,39,Tailored AI,Male,ASO,ASO|--|327,0,0.5714285714285714,0.8571428571428571,NA,1,0,3,2.5,3.6666666666666665
978,342,72,Generic AI,Female,ASO,ASO|--|342,0,0.14285714285714285,NA,NA,0,0,2.25,3,NA
979,321,72,Control,Female,ASO,ASO|--|321,0,0.42857142857142855,NA,NA,0,0,3.25,2.5,NA
980,342,72,Generic AI,Female,ASO,ASO|--|342,0,0.14285714285714285,NA,NA,0,0,1.75,2.5,NA
981,321,72,Control,Female,ASO,ASO|--|321,0,0.2857142857142857,NA,NA,0,0,3.5,2.5,NA
982,321,72,Generic AI,Female,ASO,ASO|--|321,0,0.14285714285714285,NA,NA,0,0,2.5,2,NA
983,345,72,Tailored AI,Female,ASO,ASO|--|345,0,0.14285714285714285,NA,NA,0,0,2.5,2,NA
984,340,72,Generic AI,Other,ASO,ASO|--|340,0,0.14285714285714285,NA,NA,0,0,2,2.5,NA
985,321,72,Control,Male,ASO,ASO|--|321,0,0.42857142857142855,NA,NA,0,0,4.5,5,NA
986,341,72,Generic AI,Female,ASO,ASO|--|341,0,0.14285714285714285,NA,NA,0,0,2,3,NA
987,345,72,Control,Female,ASO,ASO|--|345,0,0.5714285714285714,NA,NA,0,0,2.25,1.5,NA
988,321,72,Generic AI,Female,ASO,ASO|--|321,0,0.14285714285714285,NA,NA,0,0,2.75,3,NA
989,345,72,Control,Female,ASO,ASO|--|345,0,0.2857142857142857,NA,NA,0,0,2.5,1.5,NA
990,340,72,Tailored AI,Female,ASO,ASO|--|340,0,0.42857142857142855,NA,NA,0,0,2.25,2.5,NA
991,321,72,Tailored AI,Male,ASO,ASO|--|321,0,0.8571428571428571,NA,NA,0,0,4,5,NA
992,340,72,Control,Female,ASO,ASO|--|340,0,0.2857142857142857,NA,NA,0,0,3.25,1.5,NA
993,340,72,Tailored AI,Female,ASO,ASO|--|340,0,0.42857142857142855,NA,NA,0,0,2.75,5,NA
994,321,72,Generic AI,Female,ASO,ASO|--|321,0,0.14285714285714285,NA,NA,0,0,2.5,2.5,NA
995,345,72,Generic AI,Female,ASO,ASO|--|345,0,0.14285714285714285,NA,NA,0,0,2.5,3,NA
996,345,72,Control,Female,ASO,ASO|--|345,0,0.14285714285714285,NA,NA,0,0,2.5,3,NA
997,444,14,Control,Male,ASO,ASO|--|444,0,0.2857142857142857,NA,NA,0,0,3,4,NA
998,443,14,Tailored AI,Male,ASO,ASO|--|443,0,0.2857142857142857,NA,NA,0,0,3,2.5,NA
999,443,14,Control,Female,ASO,ASO|--|443,0,0.5714285714285714,NA,NA,0,0,3.25,2,NA
1000,90,14,Control,Male,ASO,ASO|--|90,0,0.7142857142857143,NA,NA,0,0,4,4,NA
1001,443,14,Generic AI,Male,ASO,ASO|--|443,0,0.5714285714285714,NA,NA,0,0,2.25,2.5,NA
1002,367,58,Tailored AI,Male,ASO,ASO|--|367,0,0.2857142857142857,NA,NA,0,0,2.75,3,NA
1003,202,58,Generic AI,Male,ASO,ASO|--|202,0,0.8571428571428571,NA,NA,0,0,1.25,2.5,NA
1004,367,58,Generic AI,Male,ASO,ASO|--|367,0,0.14285714285714285,NA,NA,0,0,2.5,3,NA
1005,41,58,Tailored AI,Female,ASO,ASO|--|41,0,0,0.5714285714285714,NA,1,0,3.25,4,NA
1006,367,58,Generic AI,Male,ASO,ASO|--|367,0,0,NA,NA,0,0,3.25,2.5,NA
1007,367,58,Tailored AI,Female,ASO,ASO|--|367,0,0.14285714285714285,NA,NA,0,0,2.75,2.5,NA
1008,202,58,Generic AI,Male,ASO,ASO|--|202,0,0,NA,NA,0,0,3.5,2,NA
1009,291,58,Generic AI,Male,ASO,ASO|--|291,0,0.42857142857142855,NA,NA,0,0,3,2.5,NA
1010,202,58,Tailored AI,Female,ASO,ASO|--|202,0,0.14285714285714285,NA,NA,0,0,2.75,1.5,NA
1011,202,58,Control,Female,ASO,ASO|--|202,0,0.2857142857142857,NA,NA,0,0,2.5,2,NA
1012,367,58,Tailored AI,Male,ASO,ASO|--|367,0,0.2857142857142857,NA,NA,0,0,2.25,3.5,NA
1013,202,58,Generic AI,Male,ASO,ASO|--|202,0,0.14285714285714285,NA,NA,0,0,3.75,1,NA
1014,199,58,Generic AI,Male,ASO,ASO|--|199,0,0.42857142857142855,NA,NA,0,0,2,2,NA
1015,291,58,Generic AI,Male,ASO,ASO|--|291,0,0.2857142857142857,NA,NA,0,0,2.25,3.5,NA
1016,202,58,Generic AI,Female,ASO,ASO|--|202,0,0.2857142857142857,NA,NA,0,0,3,2.5,NA
1017,42,58,Generic AI,Female,ASO,ASO|--|42,0,0.2857142857142857,NA,NA,0,0,3,3,NA
1018,202,58,Control,Male,ASO,ASO|--|202,0,0.42857142857142855,NA,NA,0,0,1.75,2.5,NA
1019,35,58,Control,Male,ASO,ASO|--|35,0,0.2857142857142857,NA,NA,0,0,2.75,2.5,NA
1020,160,28,Generic AI,Male,TSO,TSO|--|160,0,0.2857142857142857,0.8571428571428571,NA,1,0,2,3,2
1021,164,28,Control,Male,TSO,TSO|--|164,0,0,0.7142857142857143,NA,1,0,2,2,2
1022,451,28,Tailored AI,Male,TSO,TSO|--|451,0,0,0.8571428571428571,NA,1,0,2.5,2,2
1023,453,28,Generic AI,Female,TSO,TSO|--|453,0,0,0.7142857142857143,NA,1,0,2,2,4
1024,452,28,Generic AI,Male,TSO,TSO|--|452,0,0,0.8571428571428571,NA,1,0,2,2,1
1025,176,28,Tailored AI,Male,TSO,TSO|--|176,0,0.2857142857142857,0.5714285714285714,0.7142857142857143,1,1,2.25,2,1.6666666666666667
1026,451,28,Generic AI,Male,TSO,TSO|--|451,0,0.2857142857142857,NA,NA,0,0,3,2.5,NA
1027,451,28,Generic AI,Male,TSO,TSO|--|451,0,0,0.8571428571428571,NA,1,0,1.75,1.5,1
1028,177,28,Generic AI,Male,TSO,TSO|--|177,0,0,0.7142857142857143,NA,1,0,1.75,2.5,2
1029,178,28,Generic AI,Male,TSO,TSO|--|178,0,0.14285714285714285,0.8571428571428571,NA,1,0,2,2.5,2
1030,451,28,Generic AI,Male,TSO,TSO|--|451,0,0.42857142857142855,1,NA,1,0,2,2,2
1031,451,28,Control,Male,TSO,TSO|--|451,0,0,0.8571428571428571,NA,1,0,2.5,3,2
1032,451,28,Tailored AI,Male,TSO,TSO|--|451,0,0,0.42857142857142855,0.5714285714285714,1,1,2.75,3,NA
1033,163,28,Generic AI,Male,TSO,TSO|--|163,0,0,0.7142857142857143,NA,1,0,4,3,4.333333333333333
1034,451,28,Generic AI,Male,TSO,TSO|--|451,0,0.2857142857142857,1,NA,1,0,2,2,2
1035,92,58,Tailored AI,Female,TSO,TSO|--|92,0,0.8571428571428571,NA,NA,0,0,1.25,2.5,NA
1036,92,58,Generic AI,Female,TSO,TSO|--|92,0,0.42857142857142855,NA,NA,0,0,3.25,3.5,NA
1037,92,58,Tailored AI,Male,TSO,TSO|--|92,0,0.7142857142857143,NA,NA,0,0,1.75,2,NA
1038,92,58,Tailored AI,Male,TSO,TSO|--|92,0,0.7142857142857143,NA,NA,0,0,2.25,2,NA
1039,92,58,Control,Female,TSO,TSO|--|92,0,0.5714285714285714,NA,NA,0,0,2.25,1.5,NA
1040,4,58,Tailored AI,Male,TSO,TSO|--|4,0,0.42857142857142855,NA,NA,0,0,3.25,2.5,NA
1041,92,58,Tailored AI,Female,TSO,TSO|--|92,0,0,NA,NA,0,0,2,2.5,NA
1042,92,58,Tailored AI,Male,TSO,TSO|--|92,0,0.8571428571428571,1,NA,1,0,2.25,2.5,2
1043,92,58,Generic AI,Male,TSO,TSO|--|92,0,0.7142857142857143,NA,NA,0,0,2.25,3,NA
1044,92,58,Generic AI,Female,TSO,TSO|--|92,0,0.2857142857142857,NA,NA,0,0,2.25,2,NA
1045,186,58,Tailored AI,Female,TSO,TSO|--|186,0,0.7142857142857143,NA,NA,0,0,3.25,2.5,NA
1046,92,58,Control,Female,TSO,TSO|--|92,0,0,NA,NA,0,0,2,3,NA
1047,92,58,Generic AI,Female,TSO,TSO|--|92,0,0.2857142857142857,NA,NA,0,0,2.75,2,NA
1048,92,58,Tailored AI,Male,TSO,TSO|--|92,0,0.8571428571428571,NA,NA,0,0,2.25,2,NA
1049,476,35,Tailored AI,Male,ASO,ASO|--|476,0,0,0.8571428571428571,1,1,1,2.25,3.5,3.3333333333333335
1050,17,58,Generic AI,Male,ASO,ASO|--|17,0,0.8571428571428571,NA,NA,0,0,3,5,NA
1051,92,58,Generic AI,Female,TSO,TSO|--|92,0,0.42857142857142855,NA,NA,0,0,2.25,3,NA
1052,92,58,Generic AI,Female,TSO,TSO|--|92,0,0.14285714285714285,NA,NA,0,0,2.25,2,NA
1053,92,58,Generic AI,Female,TSO,TSO|--|92,0,0.14285714285714285,NA,NA,0,0,3,2,NA
1054,92,58,Control,Female,TSO,TSO|--|92,0,0,NA,NA,0,0,1.75,2,NA
1055,92,58,Tailored AI,Female,TSO,TSO|--|92,0,0.5714285714285714,NA,NA,0,0,2.25,2.5,NA
1056,92,58,Tailored AI,Male,TSO,TSO|--|92,0,0.5714285714285714,NA,NA,0,0,2,2.5,NA
1057,92,58,Tailored AI,Female,TSO,TSO|--|92,0,0.2857142857142857,NA,NA,0,0,1.75,2.5,NA
1058,4,58,Generic AI,Female,TSO,TSO|--|4,0,0.8571428571428571,NA,NA,0,0,2,2,NA
1059,92,58,Generic AI,Female,TSO,TSO|--|92,0,0.8571428571428571,NA,NA,0,0,2.25,2,NA
1060,92,58,Control,Female,TSO,TSO|--|92,0,0.8571428571428571,NA,NA,0,0,2,1,NA
1061,4,58,Tailored AI,Female,TSO,TSO|--|4,0,0.42857142857142855,NA,NA,0,0,2.25,1.5,NA
1062,92,58,Control,Female,TSO,TSO|--|92,0,0.8571428571428571,NA,NA,0,0,2.75,2.5,NA
1063,99,58,Generic AI,Female,TSO,TSO|--|99,0,0.14285714285714285,NA,NA,0,0,3,2,NA
1064,92,58,Control,Female,TSO,TSO|--|92,0,0.14285714285714285,NA,NA,0,0,2.5,2,NA
1065,76,58,Tailored AI,Female,TSO,TSO|--|76,0,0,NA,NA,0,0,2.75,2,NA
1066,92,10,Tailored AI,Female,TSO,TSO|--|92,0,0.42857142857142855,0.42857142857142855,NA,1,0,2.5,2,2
1067,94,43,Generic AI,Male,ASO,ASO|--|94,0,0.42857142857142855,NA,NA,0,0,2.25,2.5,NA
1068,129,35,Tailored AI,Female,TSO,TSO|--|129,0,0.5714285714285714,0.8571428571428571,1,1,1,3.25,2,2.6666666666666665
1069,135,12,Tailored AI,Female,TSO,TSO|--|135,0,0.7142857142857143,NA,NA,0,0,4.5,2.5,NA
1070,118,81,Tailored AI,Male,TSO,TSO|--|118,0,0,NA,NA,0,0,2.75,2.5,NA
1071,118,81,Tailored AI,Female,TSO,TSO|--|118,0,0.14285714285714285,NA,NA,0,0,3,3,NA
1072,126,81,Generic AI,Female,TSO,TSO|--|126,0,0.14285714285714285,0.42857142857142855,NA,1,0,2.5,2.5,1.3333333333333333
1073,118,81,Control,Male,TSO,TSO|--|118,0,0.5714285714285714,NA,NA,0,0,2.5,2.5,NA
1074,118,81,Generic AI,Female,TSO,TSO|--|118,0,0,NA,NA,0,0,3,3,NA
1075,147,81,Tailored AI,Male,TSO,TSO|--|147,0,0.14285714285714285,NA,NA,0,0,3.5,5,NA
1076,118,81,Control,Male,TSO,TSO|--|118,0,0.2857142857142857,NA,NA,0,0,4,5,NA
1077,202,58,Tailored AI,Female,ASO,ASO|--|202,0,0.42857142857142855,NA,NA,0,0,3,2.5,NA
1078,204,58,Tailored AI,Female,ASO,ASO|--|204,0,0.14285714285714285,NA,NA,0,0,3.25,2.5,NA
1079,202,58,Generic AI,Female,ASO,ASO|--|202,0,0.42857142857142855,NA,NA,0,0,3,2.5,NA
1080,202,58,Tailored AI,Female,ASO,ASO|--|202,0,0,NA,NA,0,0,3,3.5,NA
1081,202,30,Control,Female,ASO,ASO|--|202,0,0.2857142857142857,NA,NA,0,0,3.25,2,NA
1082,202,58,Control,Female,ASO,ASO|--|202,0,0,NA,NA,0,0,2.25,1,NA
1083,202,58,Control,Female,ASO,ASO|--|202,0,0.14285714285714285,NA,NA,0,0,2.75,2.5,NA
1084,202,58,Tailored AI,Female,ASO,ASO|--|202,0,0.14285714285714285,NA,NA,0,0,2.5,3,NA
1085,370,58,Tailored AI,Female,ASO,ASO|--|370,0,0.14285714285714285,NA,NA,0,0,2.25,2.5,NA
1086,291,58,Control,Female,ASO,ASO|--|291,0,0.14285714285714285,NA,NA,0,0,2.5,1.5,NA
1087,198,58,Tailored AI,Female,ASO,ASO|--|198,0,0,NA,NA,0,0,4.5,4,NA
1088,293,58,Generic AI,Female,ASO,ASO|--|293,0,0.2857142857142857,NA,NA,0,0,NA,NA,NA
1089,367,58,Tailored AI,Female,ASO,ASO|--|367,0,0.14285714285714285,NA,NA,0,0,2.75,2.5,NA
1090,367,58,Generic AI,Female,ASO,ASO|--|367,0,0.2857142857142857,NA,NA,0,0,NA,NA,NA
1091,200,58,Control,Female,ASO,ASO|--|200,0,0.2857142857142857,NA,NA,0,0,3.5,4,NA
1092,206,58,Tailored AI,Female,ASO,ASO|--|206,0,0,NA,NA,0,0,3,2,NA
1093,367,58,Generic AI,Female,ASO,ASO|--|367,0,0,NA,NA,0,0,2.5,1,NA
1094,201,58,Generic AI,Female,ASO,ASO|--|201,0,0,NA,NA,0,0,2,2.5,NA
1095,291,58,Tailored AI,Female,ASO,ASO|--|291,0,0.14285714285714285,NA,NA,0,0,4.5,2.5,NA
1096,202,58,Generic AI,Female,ASO,ASO|--|202,0,0,NA,NA,0,0,2.5,2.5,NA
1097,118,81,Generic AI,Male,TSO,TSO|--|118,0,0.7142857142857143,NA,NA,0,0,1.75,4,NA
1098,126,81,Tailored AI,Female,TSO,TSO|--|126,0,0,NA,NA,0,0,3,2.5,NA
1099,118,81,Generic AI,Female,TSO,TSO|--|118,0,0,NA,NA,0,0,3,2,NA
1100,200,58,Generic AI,Female,ASO,ASO|--|200,0,0,NA,NA,0,0,2.75,2.5,NA
1101,200,58,Generic AI,Female,ASO,ASO|--|200,0,0,NA,NA,0,0,2,2,NA
1102,202,58,Control,Female,ASO,ASO|--|202,0,0.14285714285714285,NA,NA,0,0,2,2,NA
1103,92,58,Tailored AI,Male,TSO,TSO|--|92,0,0.14285714285714285,NA,NA,0,0,5,5,NA
1104,92,58,Tailored AI,Male,TSO,TSO|--|92,0,0.14285714285714285,NA,NA,0,0,2,2,NA
1105,92,58,Generic AI,Female,TSO,TSO|--|92,0,0,NA,NA,0,0,3.25,2.5,NA
1106,4,58,Generic AI,Male,TSO,TSO|--|4,0,0.8571428571428571,NA,NA,0,0,3.5,4,NA
1107,92,58,Control,Female,TSO,TSO|--|92,0,0,NA,NA,0,0,2.5,1.5,NA
1108,76,58,Generic AI,Male,TSO,TSO|--|76,0,0,NA,NA,0,0,2,2,NA
1109,2,58,Tailored AI,Female,TSO,TSO|--|2,0,0.14285714285714285,NA,NA,0,0,2.75,1.5,NA
1110,357,14,Control,Male,ASO,ASO|--|357,0,0,NA,NA,0,0,3.5,2,NA
1111,92,58,Tailored AI,Female,TSO,TSO|--|92,0,0,NA,NA,0,0,2,2,NA
1112,126,81,Tailored AI,Male,TSO,TSO|--|126,0,0.2857142857142857,NA,NA,0,0,4,2.5,NA
1113,125,81,Generic AI,Female,TSO,TSO|--|125,0,0.42857142857142855,0.7142857142857143,NA,1,0,4.5,4,1.3333333333333333
1114,118,81,Generic AI,Male,TSO,TSO|--|118,0,0.42857142857142855,NA,NA,0,0,3,3,NA
1115,121,81,Generic AI,Male,TSO,TSO|--|121,0,0.14285714285714285,NA,NA,0,0,3.5,2.5,NA
1116,126,81,Control,Male,TSO,TSO|--|126,0,0.2857142857142857,NA,NA,0,0,2.75,3,NA
1117,118,81,Generic AI,Male,TSO,TSO|--|118,0,0.2857142857142857,NA,NA,0,0,3,4,NA
1118,118,81,Tailored AI,Female,TSO,TSO|--|118,0,0.14285714285714285,0.5714285714285714,NA,1,0,4.25,4,3
1119,144,81,Control,Female,TSO,TSO|--|144,0,0,0.8571428571428571,NA,1,0,3.5,1.5,1.6666666666666667
1120,126,81,Generic AI,Male,TSO,TSO|--|126,0,0.2857142857142857,NA,NA,0,0,3.5,1,NA
1121,118,81,Generic AI,Female,TSO,TSO|--|118,0,0.2857142857142857,NA,NA,0,0,3.5,1.5,NA
1122,117,81,Control,Male,TSO,TSO|--|117,0,0.2857142857142857,NA,NA,0,0,2.75,3,NA
1123,147,81,Generic AI,Male,TSO,TSO|--|147,0,0.2857142857142857,NA,NA,0,0,3,3,NA
1124,141,81,Tailored AI,Male,TSO,TSO|--|141,0,0.7142857142857143,NA,NA,0,0,3,2.5,NA
1125,327,39,Generic AI,Male,ASO,ASO|--|327,0,0.7142857142857143,0.7142857142857143,NA,1,0,3.5,3,2
1126,202,58,Control,Female,ASO,ASO|--|202,0,0.14285714285714285,NA,NA,0,0,2,1,NA
1127,202,58,Control,Female,ASO,ASO|--|202,0,0,NA,NA,0,0,4,1.5,NA
1128,367,58,Tailored AI,Male,ASO,ASO|--|367,0,0,NA,NA,0,0,2,2.5,NA
1129,201,58,Tailored AI,Male,ASO,ASO|--|201,0,0,NA,NA,0,0,2.5,3,NA
1130,202,58,Control,Male,ASO,ASO|--|202,0,0.14285714285714285,NA,NA,0,0,3.25,3,NA
1131,202,58,Generic AI,Male,ASO,ASO|--|202,0,0.2857142857142857,NA,NA,0,0,2.75,2.5,NA
1132,202,58,Generic AI,Female,ASO,ASO|--|202,0,0.14285714285714285,NA,NA,0,0,2.75,1.5,NA
1133,203,58,Tailored AI,Female,ASO,ASO|--|203,0,0,NA,NA,0,0,2.5,3,NA
1134,202,58,Tailored AI,Female,ASO,ASO|--|202,0,0.14285714285714285,NA,NA,0,0,2,3,NA
1135,202,58,Generic AI,Female,ASO,ASO|--|202,0,0,NA,NA,0,0,2,2,NA
1136,368,58,Tailored AI,Male,ASO,ASO|--|368,0,0.14285714285714285,NA,NA,0,0,2.75,2.5,NA
1137,292,30,Tailored AI,Female,ASO,ASO|--|292,0,0.2857142857142857,NA,NA,0,0,2.25,2.5,NA
1138,202,58,Tailored AI,Female,ASO,ASO|--|202,0,0.14285714285714285,NA,NA,0,0,3.25,3,NA
1139,367,58,Control,Female,ASO,ASO|--|367,0,0.2857142857142857,NA,NA,0,0,2.25,4,NA
1140,202,58,Tailored AI,Female,ASO,ASO|--|202,0,0.2857142857142857,NA,NA,0,0,2.5,2,NA
1141,202,58,Control,Male,ASO,ASO|--|202,0,0.14285714285714285,NA,NA,0,0,2.5,3,NA
1142,202,58,Control,Female,ASO,ASO|--|202,0,0.2857142857142857,NA,NA,0,0,2,3,NA
1143,202,58,Tailored AI,Male,ASO,ASO|--|202,0,0.14285714285714285,NA,NA,0,0,2.75,3,NA
1144,202,58,Control,Female,ASO,ASO|--|202,0,0,NA,NA,0,0,2.75,2,NA
1145,295,58,Tailored AI,Female,ASO,ASO|--|295,0,0,NA,NA,0,0,2,3,NA
1146,204,58,Control,Female,ASO,ASO|--|204,0,0,NA,NA,0,0,2.25,2.5,NA
1147,291,58,Tailored AI,Male,ASO,ASO|--|291,0,0.2857142857142857,NA,NA,0,0,1.25,2.5,NA
1148,426,19,Control,Male,ASO,ASO|--|426,0,0.7142857142857143,0.8571428571428571,NA,1,0,3,2.5,NA
1149,298,55,Generic AI,Male,ASO,ASO|--|298,0,0.42857142857142855,0.7142857142857143,NA,1,0,2,4,2
1150,373,70,Control,Male,ASO,ASO|--|373,0,0.2857142857142857,0.8571428571428571,NA,1,0,5,4,2.3333333333333335
1151,382,71,Tailored AI,Male,ASO,ASO|--|382,0,0.42857142857142855,NA,NA,0,0,3.25,4,NA
1152,374,34,Tailored AI,Female,ASO,ASO|--|374,0,0.42857142857142855,0.8571428571428571,NA,1,0,4.5,3,2.3333333333333335
1153,374,63,Generic AI,Male,ASO,ASO|--|374,0,0.7142857142857143,1,NA,1,0,3,3,3
1154,297,68,Tailored AI,Male,ASO,ASO|--|297,0,0.2857142857142857,0.5714285714285714,NA,1,0,3,3,1.6666666666666667
1155,374,79,Control,Female,ASO,ASO|--|374,0,0.5714285714285714,0.7142857142857143,NA,1,0,3,1.5,1
1156,375,99,Generic AI,Male,ASO,ASO|--|375,0,0.42857142857142855,0.8571428571428571,NA,1,0,2.75,4,2.6666666666666665
1157,379,7,Generic AI,Male,ASO,ASO|--|379,0,0.2857142857142857,NA,NA,0,0,2.25,4,NA
1158,297,55,Control,Male,ASO,ASO|--|297,0,0.5714285714285714,0.8571428571428571,NA,1,0,3.75,4,4
1159,297,71,Generic AI,Female,ASO,ASO|--|297,0,0.42857142857142855,NA,NA,0,0,2.75,2.5,NA
1160,374,78,Tailored AI,Female,ASO,ASO|--|374,0,0.2857142857142857,0.5714285714285714,NA,1,0,2.25,2,3
1161,374,3,Generic AI,Male,ASO,ASO|--|374,0,0.42857142857142855,1,NA,1,0,3.25,4,3.3333333333333335
1162,119,81,Generic AI,Female,ASO,ASO|--|119,0,0.42857142857142855,0.5714285714285714,NA,1,0,3.75,3,NA
1163,140,81,Control,Male,ASO,ASO|--|140,0,0.2857142857142857,0.8571428571428571,NA,1,0,3,4,3
1164,135,81,Control,Female,ASO,ASO|--|135,0,0.5714285714285714,NA,NA,0,0,3,2.5,NA
1165,125,54,Generic AI,Male,ASO,ASO|--|125,0,0.5714285714285714,NA,NA,0,0,3.25,5,NA
1166,135,81,Control,Male,ASO,ASO|--|135,0,0.8571428571428571,NA,NA,0,0,2.25,3,NA
1167,121,81,Control,Male,ASO,ASO|--|121,0,0.7142857142857143,NA,NA,0,0,2.75,2.5,NA
1168,136,81,Generic AI,Male,ASO,ASO|--|136,0,0.42857142857142855,0.7142857142857143,NA,1,0,2.25,4,3.3333333333333335
1169,122,81,Control,Female,ASO,ASO|--|122,0,0.14285714285714285,NA,NA,0,0,2.75,2.5,NA
1170,126,81,Generic AI,Female,ASO,ASO|--|126,0,0.8571428571428571,0.7142857142857143,NA,1,0,2.75,2.5,2.6666666666666665
1171,146,81,Control,Male,ASO,ASO|--|146,0,0.5714285714285714,NA,NA,0,0,3.25,4,NA
1172,141,81,Tailored AI,Male,ASO,ASO|--|141,0,0.7142857142857143,NA,NA,0,0,3,2.5,NA
1173,115,81,Generic AI,Male,ASO,ASO|--|115,0,0,NA,NA,0,0,2.75,3,NA
1174,121,81,Tailored AI,Male,ASO,ASO|--|121,0,0.2857142857142857,NA,NA,0,0,2.5,2.5,NA
1175,118,81,Control,Other,ASO,ASO|--|118,0,0.42857142857142855,NA,NA,0,0,2.75,2.5,NA
1176,297,71,Generic AI,Female,ASO,ASO|--|297,0,0.42857142857142855,0.7142857142857143,NA,1,0,2.5,3,2.3333333333333335
1177,121,11,Generic AI,Male,ASO,ASO|--|121,0,0.7142857142857143,1,NA,1,0,2.5,3,3
1178,126,81,Generic AI,Male,ASO,ASO|--|126,0,0.5714285714285714,NA,NA,0,0,2,2,NA
1179,119,29,Control,Male,ASO,ASO|--|119,0,0.7142857142857143,NA,NA,0,0,2.5,2.5,NA
1180,456,35,Generic AI,Male,TSO,TSO|--|456,0,0.8571428571428571,NA,NA,0,0,2,1.5,NA
1181,135,81,Generic AI,Female,TSO,TSO|--|135,0,0,NA,NA,0,0,2,2,NA
1182,470,35,Control,Male,TSO,TSO|--|470,0,0.7142857142857143,0.5714285714285714,NA,1,0,2.5,3.5,3.6666666666666665
1183,456,35,Control,Male,TSO,TSO|--|456,0,0.42857142857142855,NA,NA,0,0,2.25,1.5,NA
1184,470,35,Generic AI,Male,TSO,TSO|--|470,0,0.8571428571428571,0.8571428571428571,0.7142857142857143,1,1,3,3,2.6666666666666665
1185,456,35,Generic AI,Male,TSO,TSO|--|456,0,0.7142857142857143,NA,NA,0,0,2.75,2.5,NA
1186,469,35,Tailored AI,Male,TSO,TSO|--|469,0,0.7142857142857143,0.7142857142857143,NA,1,0,3.25,3,3
1187,470,35,Generic AI,Male,TSO,TSO|--|470,0,0.8571428571428571,NA,NA,0,0,2.25,1.5,NA
1188,472,35,Generic AI,Female,TSO,TSO|--|472,0,0.8571428571428571,NA,NA,0,0,2,2.5,NA
1189,473,35,Control,Female,TSO,TSO|--|473,0,0.8571428571428571,NA,NA,0,0,3,2.5,NA
1190,456,35,Generic AI,Male,TSO,TSO|--|456,0,0.7142857142857143,0.7142857142857143,0.14285714285714285,1,1,2.5,2.5,2
1191,456,35,Tailored AI,Male,TSO,TSO|--|456,0,0.7142857142857143,NA,NA,0,0,3.25,4,NA
1192,456,35,Control,Male,TSO,TSO|--|456,0,0.7142857142857143,0.8571428571428571,NA,1,0,2.75,2.5,2.3333333333333335
1193,456,35,Generic AI,Male,TSO,TSO|--|456,0,0.8571428571428571,NA,NA,0,0,2.5,1.5,NA
1194,456,35,Generic AI,Male,TSO,TSO|--|456,0,0.8571428571428571,NA,NA,0,0,2.5,2,NA
1195,456,35,Generic AI,Male,TSO,TSO|--|456,0,0.8571428571428571,NA,NA,0,0,2.5,1.5,NA
1196,118,5,Tailored AI,Female,ASO,ASO|--|118,0,0.7142857142857143,0.7142857142857143,NA,1,0,2.25,2,1.6666666666666667
1197,119,81,Generic AI,Male,TSO,TSO|--|119,0,0.42857142857142855,NA,NA,0,0,4,2.5,NA
1198,121,90,Generic AI,Male,ASO,ASO|--|121,0,0.42857142857142855,NA,NA,0,0,4.5,5,NA
1199,321,23,Generic AI,Female,ASO,ASO|--|321,0,0.2857142857142857,NA,NA,0,0,3.5,2.5,NA
1200,119,62,Generic AI,Male,ASO,ASO|--|119,0,0.5714285714285714,NA,NA,0,0,4.25,3,NA
1201,430,67,Generic AI,Male,ASO,ASO|--|430,0,0.2857142857142857,0.8571428571428571,1,1,1,2,5,2
1202,426,67,Control,Male,ASO,ASO|--|426,0,0.42857142857142855,0.8571428571428571,NA,1,0,2.5,3,2.6666666666666665
1203,429,67,Tailored AI,Other,ASO,ASO|--|429,0,0.42857142857142855,NA,NA,0,0,2.5,2,NA
1204,430,67,Control,Male,ASO,ASO|--|430,0,0.42857142857142855,0.2857142857142857,NA,1,0,2.75,3,NA
1205,426,67,Generic AI,Male,ASO,ASO|--|426,0,0.7142857142857143,1,NA,1,0,2.75,4,2
1206,426,67,Control,Male,ASO,ASO|--|426,0,0.5714285714285714,0.5714285714285714,NA,1,0,3,2.5,2.6666666666666665
1207,430,67,Generic AI,Male,ASO,ASO|--|430,0,0.2857142857142857,0.7142857142857143,NA,1,0,3,2.5,2.3333333333333335
1208,430,67,Generic AI,Female,ASO,ASO|--|430,0,0.42857142857142855,NA,NA,0,0,2,3,NA
1209,430,67,Control,Male,ASO,ASO|--|430,0,0.42857142857142855,0.7142857142857143,NA,1,0,3.5,4,3
1210,426,67,Tailored AI,Male,ASO,ASO|--|426,0,0.2857142857142857,1,NA,1,0,2.25,2.5,2.6666666666666665
1211,430,67,Control,Male,ASO,ASO|--|430,0,0.7142857142857143,0.8571428571428571,NA,1,0,3.25,2.5,2.3333333333333335
1212,430,67,Generic AI,Male,ASO,ASO|--|430,0,0.42857142857142855,1,NA,1,0,2.75,2.5,2.6666666666666665
1213,430,67,Generic AI,Male,ASO,ASO|--|430,0,0.42857142857142855,0.7142857142857143,NA,1,0,4,1.5,2.3333333333333335
1214,456,35,Tailored AI,Male,TSO,TSO|--|456,0,0.5714285714285714,NA,NA,0,0,2.75,2.5,NA
1215,456,35,Generic AI,Male,TSO,TSO|--|456,0,0.7142857142857143,NA,NA,0,0,2.5,3,NA
1216,92,58,Generic AI,Female,ASO,ASO|--|92,0,0.42857142857142855,NA,NA,0,0,3,3,NA
1217,100,58,Generic AI,Female,ASO,ASO|--|100,0,0,NA,NA,0,0,3,3,NA
1218,92,58,Generic AI,Female,ASO,ASO|--|92,0,0.8571428571428571,NA,NA,0,0,2.25,3,NA
1219,92,58,Tailored AI,Female,ASO,ASO|--|92,0,0,NA,NA,0,0,3.5,3,NA
1220,92,58,Control,Female,ASO,ASO|--|92,0,0.5714285714285714,NA,NA,0,0,3.5,2.5,NA
1221,92,58,Control,Female,ASO,ASO|--|92,0,0.5714285714285714,NA,NA,0,0,2.25,2.5,NA
1222,92,58,Generic AI,Female,ASO,ASO|--|92,0,0.8571428571428571,NA,NA,0,0,2.75,2.5,NA
1223,166,58,Tailored AI,Female,ASO,ASO|--|166,0,0.8571428571428571,NA,NA,0,0,2.25,1.5,NA
1224,92,58,Control,Female,ASO,ASO|--|92,0,0.2857142857142857,NA,NA,0,0,3.25,2,NA
1225,92,58,Tailored AI,Female,ASO,ASO|--|92,0,0.8571428571428571,1,NA,1,0,3,2.5,NA
1226,92,58,Control,Male,ASO,ASO|--|92,0,0.8571428571428571,NA,NA,0,0,3.5,3,NA
1227,92,58,Control,Male,ASO,ASO|--|92,0,0.8571428571428571,NA,NA,0,0,3,3,NA
1228,92,58,Generic AI,Male,ASO,ASO|--|92,0,0.8571428571428571,NA,NA,0,0,2,4,NA
1229,76,58,Generic AI,Female,ASO,ASO|--|76,0,0.7142857142857143,NA,NA,0,0,3,3,NA
1230,4,58,Control,Female,ASO,ASO|--|4,0,0.8571428571428571,NA,NA,0,0,3.25,1,NA
1231,82,58,Generic AI,Female,ASO,ASO|--|82,0,0,NA,NA,0,0,3.75,2,NA
1232,92,58,Generic AI,Female,ASO,ASO|--|92,0,0.8571428571428571,NA,NA,0,0,2.75,2.5,NA
1233,92,58,Generic AI,Female,ASO,ASO|--|92,0,0.42857142857142855,NA,NA,0,0,3,2.5,NA
1234,92,58,Control,Female,ASO,ASO|--|92,0,0.7142857142857143,NA,NA,0,0,2.5,2.5,NA
1235,3,58,Generic AI,Female,ASO,ASO|--|3,0,0.8571428571428571,NA,NA,0,0,2.75,2.5,NA
1236,92,58,Tailored AI,Female,ASO,ASO|--|92,0,0.5714285714285714,NA,NA,0,0,1.75,3,NA
1237,92,58,Generic AI,Female,ASO,ASO|--|92,0,0.7142857142857143,NA,NA,0,0,3.25,3,NA
1238,56,37,Tailored AI,Female,BSO,BSO|--|56,0,0.14285714285714285,NA,NA,0,0,2.25,2,NA
1239,56,37,Generic AI,Male,BSO,BSO|--|56,0,0,NA,NA,0,0,NA,NA,NA
1240,56,37,Generic AI,Female,BSO,BSO|--|56,0,0,NA,NA,0,0,NA,NA,NA
1241,56,37,Generic AI,Male,BSO,BSO|--|56,0,0.2857142857142857,NA,NA,0,0,2,2,NA
1242,428,67,Generic AI,Female,ASO,ASO|--|428,0,0.42857142857142855,0.8571428571428571,NA,1,0,3,2.5,2.3333333333333335
1243,56,37,Tailored AI,Male,BSO,BSO|--|56,0,0.42857142857142855,NA,NA,0,0,2,2,NA
1244,430,67,Tailored AI,Female,ASO,ASO|--|430,0,0.42857142857142855,0.7142857142857143,NA,1,0,4,3,2.6666666666666665
1245,56,37,Control,Female,BSO,BSO|--|56,0,0.42857142857142855,NA,NA,0,0,3.5,2.5,NA
1246,56,37,Generic AI,Male,BSO,BSO|--|56,0,0.2857142857142857,NA,NA,0,0,2.25,2.5,NA
1247,56,37,Control,Male,BSO,BSO|--|56,0,0,NA,NA,0,0,3.25,2,NA
1248,56,37,Tailored AI,Male,BSO,BSO|--|56,0,0,NA,NA,0,0,2,2.5,NA
1249,56,37,Tailored AI,Male,BSO,BSO|--|56,0,0,NA,NA,0,0,NA,NA,NA
1250,56,37,Tailored AI,Male,BSO,BSO|--|56,0,0.2857142857142857,NA,NA,0,0,2.75,3,NA
1251,56,37,Generic AI,Male,BSO,BSO|--|56,0,0.2857142857142857,NA,NA,0,0,3.25,2.5,NA
1252,430,67,Tailored AI,Female,ASO,ASO|--|430,0,0.42857142857142855,0.7142857142857143,NA,1,0,2.25,2,3
1253,430,67,Generic AI,Female,ASO,ASO|--|430,0,0.2857142857142857,0.8571428571428571,NA,1,0,3.25,3,1.6666666666666667
1254,426,67,Control,Female,ASO,ASO|--|426,0,0,0.7142857142857143,NA,1,0,2.5,3,1.3333333333333333
1255,426,67,Generic AI,Female,ASO,ASO|--|426,0,0.5714285714285714,0.8571428571428571,NA,1,0,2.75,2.5,1.3333333333333333
1256,426,67,Generic AI,Male,ASO,ASO|--|426,0,0.7142857142857143,1,NA,1,0,3.5,5,3
1257,430,67,Tailored AI,Female,ASO,ASO|--|430,0,0.2857142857142857,0.5714285714285714,NA,1,0,2.25,1,5
1258,430,67,Tailored AI,Female,ASO,ASO|--|430,0,0.5714285714285714,0.8571428571428571,NA,1,0,2.75,2.5,1
1259,430,67,Tailored AI,Male,ASO,ASO|--|430,0,0.14285714285714285,NA,NA,0,0,2.5,4,NA
1260,430,71,Generic AI,Female,ASO,ASO|--|430,0,0.2857142857142857,0.5714285714285714,NA,1,0,3.25,3,3
1261,430,67,Control,Female,ASO,ASO|--|430,0,0.5714285714285714,0.8571428571428571,1,1,1,3.25,3.5,2.3333333333333335
1262,430,67,Control,Male,ASO,ASO|--|430,0,0.2857142857142857,0.5714285714285714,NA,1,0,4.5,3,2.6666666666666665
1263,430,67,Generic AI,Male,ASO,ASO|--|430,0,0.2857142857142857,0.14285714285714285,NA,1,0,3.25,3.5,NA
1264,26,37,Control,Male,BSO,BSO|--|26,0,0.2857142857142857,NA,NA,0,0,2.5,2.5,NA
1265,56,37,Tailored AI,Female,BSO,BSO|--|56,0,0,NA,NA,0,0,3.5,4,NA
1266,56,37,Control,Male,BSO,BSO|--|56,0,0.2857142857142857,NA,NA,0,0,2,2,NA
1267,56,37,Control,Male,BSO,BSO|--|56,0,0.2857142857142857,NA,NA,0,0,2.25,1.5,NA
1268,33,58,Control,Female,ASO,ASO|--|33,0,0.2857142857142857,NA,NA,0,0,1.75,3,NA
1269,208,58,Tailored AI,Female,ASO,ASO|--|208,0,0.2857142857142857,NA,NA,0,0,2.75,2,NA
1270,367,58,Tailored AI,Female,ASO,ASO|--|367,0,0.42857142857142855,NA,NA,0,0,2.5,2.5,NA
1271,32,58,Control,Female,ASO,ASO|--|32,0,0.7142857142857143,NA,NA,0,0,3.5,2.5,NA
1272,202,58,Generic AI,Male,ASO,ASO|--|202,0,0.14285714285714285,NA,NA,0,0,3.75,3,NA
1273,33,58,Tailored AI,Female,ASO,ASO|--|33,0,0.5714285714285714,NA,NA,0,0,3.75,2.5,NA
1274,367,58,Generic AI,Female,ASO,ASO|--|367,0,0.14285714285714285,NA,NA,0,0,4.5,4,NA
1275,34,58,Tailored AI,Female,ASO,ASO|--|34,0,0.42857142857142855,NA,NA,0,0,3.5,4,NA
1276,367,58,Control,Female,ASO,ASO|--|367,0,0.14285714285714285,NA,NA,0,0,2.5,2.5,NA
1277,202,58,Control,Male,ASO,ASO|--|202,0,0.42857142857142855,NA,NA,0,0,3.25,3,NA
1278,208,58,Tailored AI,Female,ASO,ASO|--|208,0,0.14285714285714285,NA,NA,0,0,3.5,3,NA
1279,203,58,Tailored AI,Male,ASO,ASO|--|203,0,0.2857142857142857,NA,NA,0,0,2.75,2.5,NA
1280,368,58,Tailored AI,Male,ASO,ASO|--|368,0,0.2857142857142857,NA,NA,0,0,2.75,5,NA
1281,202,58,Generic AI,Male,ASO,ASO|--|202,0,0.7142857142857143,NA,NA,0,0,3,2.5,NA
1282,202,58,Generic AI,Female,ASO,ASO|--|202,0,0,NA,NA,0,0,3.25,2,NA
1283,202,58,Generic AI,Female,ASO,ASO|--|202,0,0,NA,NA,0,0,3.25,2,NA
1284,202,58,Control,Male,ASO,ASO|--|202,0,0.2857142857142857,NA,NA,0,0,3.5,2.5,NA
1285,367,58,Control,Female,ASO,ASO|--|367,0,0.7142857142857143,NA,NA,0,0,2.25,2.5,NA
1286,202,58,Generic AI,Male,ASO,ASO|--|202,0,0.14285714285714285,NA,NA,0,0,2.5,2.5,NA
1287,197,58,Control,Female,ASO,ASO|--|197,0,0.14285714285714285,NA,NA,0,0,3.25,2.5,NA
1288,213,58,Tailored AI,Male,ASO,ASO|--|213,0,0.42857142857142855,NA,NA,0,0,3,3,NA
1289,211,58,Generic AI,Male,ASO,ASO|--|211,0,0.2857142857142857,NA,NA,0,0,2.75,2.5,NA
1290,56,84,Control,Female,BSO,BSO|--|56,0,0.42857142857142855,NA,NA,0,0,2.5,2,NA
1291,269,72,Tailored AI,Female,ASO,ASO|--|269,0,0.2857142857142857,NA,NA,0,0,2.5,2.5,NA
1292,104,45,Tailored AI,Male,ASO,ASO|--|104,0,0,NA,NA,0,0,1.75,2,NA
1293,95,45,Control,Female,ASO,ASO|--|95,0,0,NA,NA,0,0,2,2,NA
1294,104,45,Control,Female,ASO,ASO|--|104,0,0.14285714285714285,NA,NA,0,0,3.5,3.5,NA
1295,86,45,Tailored AI,Male,ASO,ASO|--|86,0,0,NA,NA,0,0,1.75,2,NA
1296,104,45,Tailored AI,Female,ASO,ASO|--|104,0,0.14285714285714285,NA,NA,0,0,2.25,2,NA
1297,104,45,Tailored AI,Female,ASO,ASO|--|104,0,0,NA,NA,0,0,2.25,1.5,NA
1298,104,45,Control,Female,ASO,ASO|--|104,0,0,NA,NA,0,0,4.75,4,NA
1299,95,45,Generic AI,Female,ASO,ASO|--|95,0,0.14285714285714285,NA,NA,0,0,2.5,3,NA
1300,95,45,Control,Male,ASO,ASO|--|95,0,0.14285714285714285,NA,NA,0,0,3.25,3.5,NA
1301,85,37,Control,Female,BSO,BSO|--|85,0,0,NA,NA,0,0,2.75,2.5,NA
1302,85,37,Control,Female,BSO,BSO|--|85,0,0,NA,NA,0,0,1.75,2,NA
1303,85,37,Generic AI,Female,BSO,BSO|--|85,0,0.14285714285714285,NA,NA,0,0,4,3,NA
1304,430,67,Tailored AI,Male,ASO,ASO|--|430,0,0.42857142857142855,NA,NA,0,0,2.75,3,NA
1305,431,67,Control,Male,ASO,ASO|--|431,0,0.42857142857142855,NA,NA,0,0,2.5,2.5,NA
1306,431,67,Control,Male,ASO,ASO|--|431,0,0.2857142857142857,NA,NA,0,0,2.25,2.5,NA
1307,430,67,Generic AI,Male,ASO,ASO|--|430,0,0.8571428571428571,NA,NA,0,0,2.5,3,NA
1308,430,67,Tailored AI,Male,ASO,ASO|--|430,0,0.5714285714285714,NA,NA,0,0,3.5,5,NA
1309,427,67,Control,Male,ASO,ASO|--|427,0,0.2857142857142857,NA,NA,0,0,3.75,3,NA
1310,426,67,Control,Female,ASO,ASO|--|426,0,0.42857142857142855,NA,NA,0,0,2.5,3.5,NA
1311,432,67,Control,Male,ASO,ASO|--|432,0,0.14285714285714285,NA,NA,0,0,2,3,NA
1312,430,67,Control,Female,ASO,ASO|--|430,0,0.42857142857142855,NA,NA,0,0,2.5,3,NA
1313,430,67,Tailored AI,Female,ASO,ASO|--|430,0,0.42857142857142855,NA,NA,0,0,4.5,5,NA
1314,430,67,Control,Male,ASO,ASO|--|430,0,0.14285714285714285,NA,NA,0,0,2.25,2,NA
1315,430,67,Tailored AI,Female,ASO,ASO|--|430,0,0,NA,NA,0,0,3,1.5,NA
1316,430,67,Tailored AI,Female,ASO,ASO|--|430,0,0.5714285714285714,NA,NA,0,0,2.5,1.5,NA
1317,430,67,Tailored AI,Female,ASO,ASO|--|430,0,0.42857142857142855,NA,NA,0,0,4.25,3,NA
1318,430,67,Generic AI,Male,ASO,ASO|--|430,0,0.5714285714285714,NA,NA,0,0,3,3,NA
1319,426,67,Tailored AI,Male,ASO,ASO|--|426,0,0,NA,NA,0,0,2.5,1.5,NA
1320,430,67,Tailored AI,Female,ASO,ASO|--|430,0,0.42857142857142855,NA,NA,0,0,3.25,3,NA
1321,433,67,Generic AI,Female,ASO,ASO|--|433,0,0.2857142857142857,NA,NA,0,0,5,3.5,NA
1322,426,67,Control,Female,ASO,ASO|--|426,0,0.42857142857142855,NA,NA,0,0,2.25,2,NA
1323,430,67,Generic AI,Female,ASO,ASO|--|430,0,0.14285714285714285,NA,NA,0,0,4.5,1.5,NA
1324,426,67,Generic AI,Female,ASO,ASO|--|426,0,0.5714285714285714,NA,NA,0,0,4,2,NA
1325,430,67,Control,Male,ASO,ASO|--|430,0,0.42857142857142855,NA,NA,0,0,2.25,2,NA
1326,430,67,Control,Female,ASO,ASO|--|430,0,0.14285714285714285,NA,NA,0,0,3.25,1,NA
1327,426,67,Generic AI,Female,ASO,ASO|--|426,0,0.42857142857142855,NA,NA,0,0,4.5,4,NA
1328,56,37,Generic AI,Male,BSO,BSO|--|56,0,0.2857142857142857,NA,NA,0,0,3.25,2.5,NA
1329,56,37,Generic AI,Male,BSO,BSO|--|56,0,0.14285714285714285,NA,NA,0,0,2.25,2,NA
1330,208,58,Tailored AI,Female,ASO,ASO|--|208,0,0.2857142857142857,0.8571428571428571,NA,1,0,2,1.5,1.6666666666666667
1331,202,58,Generic AI,Male,ASO,ASO|--|202,0,0.5714285714285714,NA,NA,0,0,3.75,4,NA
1332,206,58,Generic AI,Male,ASO,ASO|--|206,0,0.42857142857142855,NA,NA,0,0,3,3,NA
1333,202,58,Tailored AI,Male,ASO,ASO|--|202,0,0.42857142857142855,NA,NA,0,0,2.75,3,NA
1334,202,58,Generic AI,Male,ASO,ASO|--|202,0,0.5714285714285714,NA,NA,0,0,3.25,3,NA
1335,202,58,Tailored AI,Female,ASO,ASO|--|202,0,0.5714285714285714,NA,NA,0,0,2.75,1.5,NA
1336,202,58,Tailored AI,Female,ASO,ASO|--|202,0,0.2857142857142857,0.8571428571428571,0.5714285714285714,1,1,2.75,3,2.6666666666666665
1337,202,58,Tailored AI,Female,ASO,ASO|--|202,0,0.2857142857142857,NA,NA,0,0,4,2.5,NA
1338,202,58,Tailored AI,Female,ASO,ASO|--|202,0,0.2857142857142857,NA,NA,0,0,2.5,2.5,NA
1339,202,58,Tailored AI,Female,ASO,ASO|--|202,0,0.2857142857142857,NA,NA,0,0,3.5,3,NA
1340,202,58,Generic AI,Female,ASO,ASO|--|202,0,0.42857142857142855,NA,NA,0,0,3.25,1.5,NA
1341,202,58,Tailored AI,Female,ASO,ASO|--|202,0,0,NA,NA,0,0,3,1.5,NA
1342,202,58,Control,Male,ASO,ASO|--|202,0,0.42857142857142855,NA,NA,0,0,1.75,2,NA
1343,367,58,Generic AI,Female,ASO,ASO|--|367,0,0.2857142857142857,NA,NA,0,0,2,2,NA
1344,202,58,Tailored AI,Female,ASO,ASO|--|202,0,0.42857142857142855,0.5714285714285714,NA,1,0,2.5,1.5,2.3333333333333335
1345,202,58,Control,Male,ASO,ASO|--|202,0,0.2857142857142857,0.2857142857142857,0.42857142857142855,1,1,2.75,3,2.3333333333333335
1346,202,58,Tailored AI,Female,ASO,ASO|--|202,0,0.2857142857142857,NA,NA,0,0,3.25,2.5,NA
1347,294,58,Generic AI,Male,ASO,ASO|--|294,0,0.42857142857142855,NA,NA,0,0,2.25,3,NA
1348,367,58,Control,Male,ASO,ASO|--|367,0,0.42857142857142855,NA,NA,0,0,3.5,5,NA
1349,200,58,Tailored AI,Female,ASO,ASO|--|200,0,0.2857142857142857,NA,NA,0,0,2.5,3,NA
1350,56,37,Generic AI,Male,BSO,BSO|--|56,0,0.14285714285714285,NA,NA,0,0,2,2,NA
1351,208,58,Generic AI,Female,ASO,ASO|--|208,0,0.2857142857142857,NA,NA,0,0,2.5,3,NA
1352,56,37,Tailored AI,Male,BSO,BSO|--|56,0,0,NA,NA,0,0,3.75,3,NA
1353,56,37,Generic AI,Male,BSO,BSO|--|56,0,0.2857142857142857,NA,NA,0,0,3.25,3,NA
1354,57,23,Tailored AI,Female,BSO,BSO|--|57,0,0,NA,NA,0,0,4.5,3.5,NA
1355,56,37,Control,Male,BSO,BSO|--|56,0,0,NA,NA,0,0,2,2,NA
1356,57,37,Control,Female,BSO,BSO|--|57,0,0,NA,NA,0,0,NA,NA,NA
1357,57,37,Tailored AI,Female,BSO,BSO|--|57,0,0.2857142857142857,NA,NA,0,0,1.25,1.5,NA
1358,449,28,Tailored AI,Male,ASO,ASO|--|449,0,0.2857142857142857,NA,NA,0,0,3.25,2.5,NA
1359,449,28,Generic AI,Male,ASO,ASO|--|449,0,0,0.2857142857142857,NA,1,0,2,2,2
1360,202,58,Tailored AI,Female,ASO,ASO|--|202,0,0,NA,NA,0,0,2,NA,NA
1361,202,58,Tailored AI,Female,ASO,ASO|--|202,0,0,NA,NA,0,0,2.25,NA,NA
1362,291,58,Control,Male,ASO,ASO|--|291,0,0.14285714285714285,NA,NA,0,0,NA,NA,NA
1363,205,58,Generic AI,Male,ASO,ASO|--|205,0,0.2857142857142857,NA,NA,0,0,2.5,2,NA
1364,208,58,Control,Male,ASO,ASO|--|208,0,0,NA,NA,0,0,2.25,2.5,NA
1365,200,58,Tailored AI,Female,ASO,ASO|--|200,0,0.14285714285714285,NA,NA,0,0,3.25,3,NA
1366,208,58,Generic AI,Female,ASO,ASO|--|208,0,0,NA,NA,0,0,NA,NA,NA
1367,202,58,Generic AI,Female,ASO,ASO|--|202,0,0,NA,NA,0,0,2.25,NA,NA
1368,202,58,Control,Female,ASO,ASO|--|202,0,0.14285714285714285,NA,NA,0,0,NA,NA,NA
1369,367,58,Control,Female,ASO,ASO|--|367,0,0,NA,NA,0,0,2.5,2,NA
1370,202,58,Generic AI,Female,ASO,ASO|--|202,0,0.14285714285714285,NA,NA,0,0,2.25,NA,NA
1371,202,58,Tailored AI,Male,ASO,ASO|--|202,0,0.42857142857142855,NA,NA,0,0,NA,NA,NA
1372,202,58,Generic AI,Male,ASO,ASO|--|202,0,0.42857142857142855,NA,NA,0,0,4,2,NA
1373,369,58,Tailored AI,Female,ASO,ASO|--|369,0,0.14285714285714285,NA,NA,0,0,3,2.5,NA
1374,291,30,Generic AI,Male,ASO,ASO|--|291,0,0,NA,NA,0,0,1.75,2,NA
1375,202,58,Tailored AI,Male,ASO,ASO|--|202,0,0,NA,NA,0,0,NA,NA,NA
1376,370,58,Generic AI,Male,ASO,ASO|--|370,0,0,NA,NA,0,0,3,3,NA
1377,370,58,Generic AI,Female,ASO,ASO|--|370,0,0.2857142857142857,NA,NA,0,0,2.75,2.5,NA
1378,202,58,Tailored AI,Female,ASO,ASO|--|202,0,0,NA,NA,0,0,NA,NA,NA
1379,33,58,Control,Male,ASO,ASO|--|33,0,0,NA,NA,0,0,NA,NA,NA
1380,290,58,Tailored AI,Male,ASO,ASO|--|290,0,0,NA,NA,0,0,2,2,NA
1381,22,36,Tailored AI,Male,TSO,TSO|--|22,0,0.14285714285714285,0.8571428571428571,0.5714285714285714,1,1,3.25,2.5,3
1382,22,80,Tailored AI,Male,TSO,TSO|--|22,0,0.42857142857142855,0.7142857142857143,0.7142857142857143,1,1,3.5,3,2
1383,19,36,Control,Male,TSO,TSO|--|19,0,0.14285714285714285,0.14285714285714285,NA,1,0,2.5,3,1.3333333333333333
1384,21,36,Generic AI,Male,TSO,TSO|--|21,0,0.2857142857142857,NA,NA,0,0,3.5,3,NA
1385,21,80,Generic AI,Male,TSO,TSO|--|21,0,0.7142857142857143,NA,NA,0,0,2.75,4,NA
1386,22,36,Control,Female,TSO,TSO|--|22,0,0.5714285714285714,NA,NA,0,0,2.75,3,NA
1387,22,36,Tailored AI,Female,TSO,TSO|--|22,0,0.14285714285714285,0.14285714285714285,NA,1,0,2.5,2.5,2
1388,21,36,Generic AI,Female,TSO,TSO|--|21,0,0,NA,NA,0,0,3.5,3,NA
1389,22,36,Tailored AI,Male,TSO,TSO|--|22,0,0.42857142857142855,NA,NA,0,0,2.25,1.5,NA
1390,22,80,Tailored AI,Male,TSO,TSO|--|22,0,0.2857142857142857,0.7142857142857143,0.42857142857142855,1,1,2.75,2.5,3.6666666666666665
1391,21,80,Tailored AI,Male,TSO,TSO|--|21,0,0.2857142857142857,0.42857142857142855,0.42857142857142855,1,1,2.25,2.5,4.333333333333333
1392,25,36,Generic AI,Female,TSO,TSO|--|25,0,0,NA,NA,0,0,2.5,1,NA
1393,21,36,Generic AI,Female,TSO,TSO|--|21,0,0,NA,NA,0,0,3.5,2.5,NA
1394,22,80,Tailored AI,Male,TSO,TSO|--|22,0,0.8571428571428571,NA,NA,0,0,2.5,2.5,NA
1395,22,36,Control,Female,TSO,TSO|--|22,0,0.5714285714285714,NA,NA,0,0,2.25,4,NA
1396,21,80,Tailored AI,Male,TSO,TSO|--|21,0,0.5714285714285714,0.8571428571428571,NA,1,0,3.75,4,3
1397,22,36,Generic AI,Female,TSO,TSO|--|22,0,0.14285714285714285,0.7142857142857143,NA,1,0,2.25,2,2
1398,25,80,Tailored AI,Male,TSO,TSO|--|25,0,0.42857142857142855,NA,NA,0,0,3,3,NA
1399,22,36,Generic AI,Female,TSO,TSO|--|22,0,0.2857142857142857,NA,NA,0,0,3.25,4,NA
1400,22,36,Control,Female,TSO,TSO|--|22,0,0.2857142857142857,0.5714285714285714,0.5714285714285714,1,1,1.75,2,3
1401,22,80,Generic AI,Female,TSO,TSO|--|22,0,0.14285714285714285,NA,NA,0,0,2,2,NA
1402,21,36,Tailored AI,Male,TSO,TSO|--|21,0,0.7142857142857143,0.8571428571428571,1,1,1,4,5,4.333333333333333
1403,22,80,Control,Male,TSO,TSO|--|22,0,0.2857142857142857,NA,NA,0,0,2.75,3,NA
1404,22,80,Tailored AI,Female,TSO,TSO|--|22,0,0.7142857142857143,NA,NA,0,0,3.5,2.5,NA
1405,22,36,Control,Female,TSO,TSO|--|22,0,0.14285714285714285,0.7142857142857143,NA,1,0,2.75,2,1
1406,24,80,Generic AI,Female,TSO,TSO|--|24,0,0.42857142857142855,NA,NA,0,0,2,1,NA
1407,22,36,Generic AI,Female,TSO,TSO|--|22,0,0.2857142857142857,NA,NA,0,0,2.25,1.5,NA
1408,21,80,Control,Male,TSO,TSO|--|21,0,0.42857142857142855,NA,NA,0,0,3.5,2.5,NA
1409,22,80,Tailored AI,Male,TSO,TSO|--|22,0,0.14285714285714285,0.42857142857142855,NA,1,0,2.25,4,2.3333333333333335
1410,25,80,Generic AI,Female,TSO,TSO|--|25,0,0,NA,NA,0,0,4,4,NA
1411,22,36,Generic AI,Female,TSO,TSO|--|22,0,0.5714285714285714,0.5714285714285714,NA,1,0,2.25,2,1.3333333333333333
1412,21,36,Tailored AI,Female,TSO,TSO|--|21,0,0.2857142857142857,NA,NA,0,0,2,2,NA
1413,56,84,Generic AI,Female,BSO,BSO|--|56,0,0.5714285714285714,NA,NA,0,0,2.75,2.5,NA
1414,291,58,Control,Female,ASO,ASO|--|291,0,0,NA,NA,0,0,NA,NA,NA
1415,202,58,Generic AI,Female,ASO,ASO|--|202,0,0,NA,NA,0,0,NA,NA,NA
1416,367,42,Tailored AI,Female,ASO,ASO|--|367,0,0.42857142857142855,NA,NA,0,0,2.5,4,NA
1417,202,58,Control,Female,ASO,ASO|--|202,0,0.14285714285714285,NA,NA,0,0,4,2.5,NA
1418,210,58,Generic AI,Male,ASO,ASO|--|210,0,0,NA,NA,0,0,2.25,3,NA
1419,202,58,Tailored AI,Female,ASO,ASO|--|202,0,0.14285714285714285,NA,NA,0,0,2.5,2,NA
1420,202,58,Control,Female,ASO,ASO|--|202,0,0.2857142857142857,NA,NA,0,0,NA,NA,NA
1421,202,58,Generic AI,Female,ASO,ASO|--|202,0,0,NA,NA,0,0,NA,NA,NA
1422,202,58,Control,Female,ASO,ASO|--|202,0,0,NA,NA,0,0,NA,NA,NA
1423,367,58,Tailored AI,Female,ASO,ASO|--|367,0,0,NA,NA,0,0,NA,NA,NA
1424,371,58,Generic AI,Female,ASO,ASO|--|371,0,0,NA,NA,0,0,2,2,NA
1425,367,58,Tailored AI,Female,ASO,ASO|--|367,0,0,NA,NA,0,0,NA,NA,NA
1426,209,58,Control,Male,ASO,ASO|--|209,0,0,NA,NA,0,0,2.25,2.5,NA
1427,202,58,Control,Female,ASO,ASO|--|202,0,0,NA,NA,0,0,NA,NA,NA
1428,208,63,Generic AI,Female,ASO,ASO|--|208,0,0,NA,NA,0,0,2.75,1.5,NA
1429,291,58,Control,Female,ASO,ASO|--|291,0,0,NA,NA,0,0,NA,NA,NA
1430,367,48,Control,Female,ASO,ASO|--|367,0,0,NA,NA,0,0,NA,NA,NA
1431,443,14,Control,Male,TSO,TSO|--|443,0,0.7142857142857143,0.5714285714285714,0.5714285714285714,1,1,2.25,2.5,1.6666666666666667
1432,90,14,Control,Female,TSO,TSO|--|90,0,0.14285714285714285,0.2857142857142857,NA,1,0,2.75,2,3
1433,194,1,Control,Male,TSO,TSO|--|194,0,0.8571428571428571,NA,NA,0,0,2.75,2.5,NA
1434,444,14,Control,Male,TSO,TSO|--|444,0,0.8571428571428571,NA,NA,0,0,3,2.5,NA
1435,193,14,Tailored AI,Male,TSO,TSO|--|193,0,0.42857142857142855,0.8571428571428571,NA,1,0,3.25,2.5,3
1436,444,14,Tailored AI,Male,TSO,TSO|--|444,0,0.8571428571428571,NA,NA,0,0,2.5,2.5,NA
1437,444,14,Tailored AI,Male,TSO,TSO|--|444,0,0.14285714285714285,NA,NA,0,0,2.25,2.5,NA
1438,193,14,Generic AI,Male,TSO,TSO|--|193,0,0.14285714285714285,NA,NA,0,0,2.5,2.5,NA
1439,443,14,Generic AI,Male,TSO,TSO|--|443,0,0.42857142857142855,0.5714285714285714,NA,1,0,2.75,3,2
1440,442,14,Tailored AI,Male,TSO,TSO|--|442,0,0.2857142857142857,NA,NA,0,0,2.5,2,NA
1441,443,14,Tailored AI,Male,TSO,TSO|--|443,0,0.2857142857142857,0.14285714285714285,0.14285714285714285,1,1,1.75,1.5,2.3333333333333335
1442,444,94,Generic AI,Male,TSO,TSO|--|444,0,0.42857142857142855,NA,NA,0,0,2.5,4,NA
1443,193,14,Tailored AI,Female,TSO,TSO|--|193,0,0.42857142857142855,NA,NA,0,0,3,4,NA
1444,193,14,Control,Male,TSO,TSO|--|193,0,0.2857142857142857,NA,NA,0,0,2.75,3,NA
1445,129,35,Tailored AI,Male,TSO,TSO|--|129,0,0.5714285714285714,1,NA,1,0,4.5,5,3.6666666666666665
1446,129,35,Generic AI,Male,TSO,TSO|--|129,0,0.2857142857142857,NA,NA,0,0,2.75,3,NA
1447,129,35,Tailored AI,Male,ASO,ASO|--|129,0,0.2857142857142857,0.7142857142857143,NA,1,0,3.25,3,3.3333333333333335
1448,129,35,Tailored AI,Male,TSO,TSO|--|129,0,0.14285714285714285,0.42857142857142855,NA,1,0,2.5,2.5,2.6666666666666665
1449,129,35,Generic AI,Female,TSO,TSO|--|129,0,0.14285714285714285,NA,NA,0,0,2.75,3,NA
1450,129,35,Generic AI,Male,TSO,TSO|--|129,0,0.2857142857142857,0.7142857142857143,NA,1,0,2.5,2,2.3333333333333335
1451,443,14,Generic AI,Female,TSO,TSO|--|443,0,0.7142857142857143,NA,NA,0,0,3,3,NA
1452,446,14,Generic AI,Female,TSO,TSO|--|446,0,0,NA,NA,0,0,2.25,3,NA
1453,443,14,Tailored AI,Female,TSO,TSO|--|443,0,0.8571428571428571,0.8571428571428571,NA,1,0,2.5,3,2
1454,446,14,Generic AI,Female,TSO,TSO|--|446,0,0.7142857142857143,0.8571428571428571,1,1,1,2,2.5,2
1455,448,14,Control,Female,TSO,TSO|--|448,0,0.8571428571428571,0.8571428571428571,NA,1,0,1.75,2,2
1456,443,14,Control,Female,TSO,TSO|--|443,0,0,0.8571428571428571,NA,1,0,2.5,3,4
1457,446,14,Control,Female,TSO,TSO|--|446,0,0.14285714285714285,NA,NA,0,0,3.75,2.5,NA
1458,443,14,Generic AI,Female,TSO,TSO|--|443,0,0.7142857142857143,1,NA,1,0,2.75,3,2
1459,443,14,Tailored AI,Female,TSO,TSO|--|443,0,0.14285714285714285,NA,NA,0,0,3.5,3,NA
1460,443,14,Control,Male,TSO,TSO|--|443,0,0.14285714285714285,NA,NA,0,0,2.75,2,NA
1461,444,15,Tailored AI,Male,TSO,TSO|--|444,0,0.2857142857142857,NA,NA,0,0,2.75,2,NA
1462,445,14,Generic AI,Female,TSO,TSO|--|445,0,0.14285714285714285,NA,NA,0,0,2.5,3,NA
1463,443,14,Generic AI,Female,TSO,TSO|--|443,0,0.5714285714285714,NA,NA,0,0,4,2.5,NA
1464,448,14,Generic AI,Female,TSO,TSO|--|448,0,0.2857142857142857,NA,NA,0,0,2,2,NA
1465,444,14,Tailored AI,Female,TSO,TSO|--|444,0,0.2857142857142857,NA,NA,0,0,3.75,4,NA
1466,146,81,Control,Male,ASO,ASO|--|146,0,0,NA,NA,0,0,NA,NA,NA
1467,143,81,Generic AI,Female,ASO,ASO|--|143,0,0.2857142857142857,NA,NA,0,0,2.75,3,NA
1468,114,81,Tailored AI,Male,ASO,ASO|--|114,0,0.2857142857142857,NA,NA,0,0,3.25,3,NA
1469,202,58,Tailored AI,Male,ASO,ASO|--|202,0,0.14285714285714285,NA,NA,0,0,2.25,2,NA
1470,202,58,Control,Male,ASO,ASO|--|202,0,0.2857142857142857,NA,NA,0,0,4.25,5,NA
1471,202,58,Tailored AI,Male,ASO,ASO|--|202,0,0.2857142857142857,NA,NA,0,0,2.25,5,NA
1472,202,58,Tailored AI,Male,ASO,ASO|--|202,0,0.2857142857142857,0.8571428571428571,NA,1,0,2.75,2,1.3333333333333333
1473,204,58,Generic AI,Male,ASO,ASO|--|204,0,0.2857142857142857,NA,NA,0,0,4,5,NA
1474,202,58,Generic AI,Male,ASO,ASO|--|202,0,0,0.8571428571428571,NA,1,0,3.25,2.5,2
1475,202,58,Generic AI,Male,ASO,ASO|--|202,0,0.14285714285714285,0.8571428571428571,NA,1,0,3.75,3,2
1476,207,58,Tailored AI,Male,ASO,ASO|--|207,0,0.2857142857142857,NA,NA,0,0,4.25,4,NA
1477,202,58,Generic AI,Male,ASO,ASO|--|202,0,0.14285714285714285,0.5714285714285714,0.2857142857142857,1,1,3,3,2
1478,41,58,Generic AI,Male,ASO,ASO|--|41,0,0.2857142857142857,NA,NA,0,0,2.5,5,NA
1479,210,58,Control,Male,ASO,ASO|--|210,0,0.42857142857142855,NA,NA,0,0,4,4,NA
1480,202,58,Tailored AI,Female,ASO,ASO|--|202,0,0.14285714285714285,NA,NA,0,0,2.5,2.5,NA
1481,202,58,Control,Male,ASO,ASO|--|202,0,0,NA,NA,0,0,4.25,5,NA
1482,209,58,Control,Male,ASO,ASO|--|209,0,0.14285714285714285,NA,NA,0,0,3.25,4,NA
1483,202,58,Control,Male,ASO,ASO|--|202,0,0.7142857142857143,NA,NA,0,0,3.25,3,NA
1484,202,58,Generic AI,Female,ASO,ASO|--|202,0,0.14285714285714285,NA,NA,0,0,2.5,2.5,NA
1485,202,48,Control,Male,ASO,ASO|--|202,0,0.42857142857142855,NA,NA,0,0,2.5,3,NA
1486,209,58,Tailored AI,Male,ASO,ASO|--|209,0,0.42857142857142855,NA,NA,0,0,2.25,2.5,NA
1487,92,58,Generic AI,Male,ASO,ASO|--|92,0,0.7142857142857143,NA,NA,0,0,3,2.5,NA
1488,92,58,Control,Male,ASO,ASO|--|92,0,0.7142857142857143,NA,NA,0,0,3.5,3,NA
1489,92,58,Tailored AI,Female,ASO,ASO|--|92,0,0.2857142857142857,NA,NA,0,0,2,2,NA
1490,92,58,Control,Female,ASO,ASO|--|92,0,0.7142857142857143,NA,NA,0,0,3.25,2,NA
1491,92,58,Tailored AI,Male,ASO,ASO|--|92,0,0.5714285714285714,0.2857142857142857,NA,1,0,2.75,2.5,2.6666666666666665
1492,92,58,Generic AI,Male,ASO,ASO|--|92,0,0.2857142857142857,NA,NA,0,0,3,2.5,NA
1493,92,58,Control,Female,ASO,ASO|--|92,0,0.7142857142857143,NA,NA,0,0,3,3,NA
1494,92,58,Tailored AI,Male,ASO,ASO|--|92,0,0.7142857142857143,NA,NA,0,0,2,2.5,NA
1495,92,58,Tailored AI,Male,ASO,ASO|--|92,0,0.5714285714285714,NA,NA,0,0,2.75,3,NA
1496,92,58,Control,Female,ASO,ASO|--|92,0,0.7142857142857143,NA,NA,0,0,2.5,2.5,NA
1497,92,58,Control,Male,ASO,ASO|--|92,0,0.5714285714285714,NA,NA,0,0,2,2.5,NA
1498,92,58,Control,Female,ASO,ASO|--|92,0,0.7142857142857143,NA,NA,0,0,3.25,2,NA
1499,76,58,Tailored AI,Male,ASO,ASO|--|76,0,0,NA,NA,0,0,2,2.5,NA
1500,92,58,Generic AI,Female,ASO,ASO|--|92,0,0.14285714285714285,NA,NA,0,0,2,2.5,NA
1501,92,58,Generic AI,Female,ASO,ASO|--|92,0,0.42857142857142855,NA,NA,0,0,1.75,1.5,NA
1502,92,58,Control,Female,ASO,ASO|--|92,0,0.14285714285714285,NA,NA,0,0,3,2.5,NA
1503,92,58,Generic AI,Female,ASO,ASO|--|92,0,0.8571428571428571,NA,NA,0,0,3.25,2,NA
1504,92,58,Generic AI,Female,ASO,ASO|--|92,0,0.5714285714285714,NA,NA,0,0,2.5,1.5,NA
1505,92,58,Control,Female,ASO,ASO|--|92,0,0.42857142857142855,NA,NA,0,0,3.5,2.5,NA
1506,92,58,Generic AI,Female,ASO,ASO|--|92,0,0.7142857142857143,NA,NA,0,0,3.25,3,NA
1507,92,58,Tailored AI,Female,ASO,ASO|--|92,0,0.5714285714285714,NA,NA,0,0,3.5,2.5,NA
1508,381,92,Generic AI,Male,ASO,ASO|--|381,0,0.14285714285714285,NA,NA,0,0,3.5,4,NA
1509,416,92,Generic AI,Male,ASO,ASO|--|416,0,0.42857142857142855,NA,NA,0,0,3,2.5,NA
1510,374,92,Generic AI,Male,ASO,ASO|--|374,0,0.2857142857142857,NA,NA,0,0,2.5,2.5,NA
1511,297,92,Control,Female,ASO,ASO|--|297,0,0.5714285714285714,NA,NA,0,0,4,2.5,NA
1512,374,92,Generic AI,Male,ASO,ASO|--|374,0,0,NA,NA,0,0,NA,NA,NA
1513,374,92,Tailored AI,Male,ASO,ASO|--|374,0,0.2857142857142857,NA,NA,0,0,NA,NA,NA
1514,374,92,Control,Male,ASO,ASO|--|374,0,0,NA,NA,0,0,NA,NA,NA
1515,297,92,Control,Male,ASO,ASO|--|297,0,0.2857142857142857,NA,NA,0,0,2,3,NA
1516,374,92,Generic AI,Male,ASO,ASO|--|374,0,0,NA,NA,0,0,NA,NA,NA
1517,374,92,Generic AI,Female,ASO,ASO|--|374,0,0,NA,NA,0,0,NA,NA,NA
1518,374,92,Control,Male,ASO,ASO|--|374,0,0.42857142857142855,NA,NA,0,0,3.25,2.5,NA
1519,374,92,Control,Female,ASO,ASO|--|374,0,0,NA,NA,0,0,NA,NA,NA
1520,374,92,Control,Male,ASO,ASO|--|374,0,0.2857142857142857,NA,NA,0,0,2,2.5,NA
1521,297,92,Tailored AI,Female,ASO,ASO|--|297,0,0.5714285714285714,0.8571428571428571,NA,1,0,3,3,2.6666666666666665
1522,379,92,Tailored AI,Male,ASO,ASO|--|379,0,0.42857142857142855,NA,NA,0,0,3.5,2.5,NA
1523,374,92,Control,Female,ASO,ASO|--|374,0,0.2857142857142857,NA,NA,0,0,2,2.5,NA
1524,377,92,Tailored AI,Male,ASO,ASO|--|377,0,0.2857142857142857,NA,NA,0,0,2.75,5,NA
1525,374,92,Generic AI,Male,ASO,ASO|--|374,0,0.2857142857142857,NA,NA,0,0,2.75,2.5,NA
1526,374,92,Control,Male,ASO,ASO|--|374,0,0.42857142857142855,NA,NA,0,0,3,3,NA
1527,374,92,Control,Male,ASO,ASO|--|374,0,0.5714285714285714,NA,NA,0,0,2.75,2,NA
1528,374,92,Tailored AI,Male,ASO,ASO|--|374,0,0.2857142857142857,NA,NA,0,0,2,3,NA
1529,374,92,Control,Female,ASO,ASO|--|374,0,0.14285714285714285,NA,NA,0,0,3,2.5,NA
1530,298,92,Tailored AI,Male,ASO,ASO|--|298,0,0,NA,NA,0,0,NA,NA,NA
1531,374,92,Tailored AI,Female,ASO,ASO|--|374,0,0.2857142857142857,NA,NA,0,0,3.5,3,NA
1532,374,92,Tailored AI,Male,ASO,ASO|--|374,0,0,NA,NA,0,0,NA,NA,NA
1533,374,92,Control,Female,ASO,ASO|--|374,0,0.2857142857142857,NA,NA,0,0,4,2.5,NA
1534,92,58,Generic AI,Male,TSO,TSO|--|92,0,0.42857142857142855,NA,NA,0,0,4.25,2.5,NA
1535,92,58,Generic AI,Male,TSO,TSO|--|92,0,0.7142857142857143,NA,NA,0,0,1.75,3,NA
1536,4,58,Generic AI,Male,TSO,TSO|--|4,0,0.2857142857142857,NA,NA,0,0,2.5,2,NA
1537,81,58,Generic AI,Male,TSO,TSO|--|81,0,0.7142857142857143,NA,NA,0,0,2.75,3,NA
1538,92,58,Control,Male,TSO,TSO|--|92,0,0.7142857142857143,NA,NA,0,0,1.75,2,NA
1539,92,58,Control,Male,TSO,TSO|--|92,0,0.5714285714285714,NA,NA,0,0,2,2,NA
1540,374,92,Generic AI,Female,ASO,ASO|--|374,0,0.7142857142857143,NA,NA,0,0,5,4,NA
1541,374,92,Tailored AI,Male,ASO,ASO|--|374,0,0.2857142857142857,NA,NA,0,0,3,3,NA
1542,139,81,Tailored AI,Male,ASO,ASO|--|139,0,0.42857142857142855,NA,NA,0,0,2.25,2.5,NA
1543,119,81,Control,Male,ASO,ASO|--|119,0,0.2857142857142857,NA,NA,0,0,4,5,NA
1544,126,81,Generic AI,Male,ASO,ASO|--|126,0,0,NA,NA,0,0,NA,NA,NA
1545,443,14,Generic AI,Male,TSO,TSO|--|443,0,0.2857142857142857,0.14285714285714285,NA,1,0,3,5,NA
1546,443,14,Tailored AI,Female,TSO,TSO|--|443,0,0.8571428571428571,NA,NA,0,0,3,2,NA
1547,443,14,Control,Male,TSO,TSO|--|443,0,0,NA,NA,0,0,2.5,3,NA
1548,408,60,Generic AI,Female,ASO,ASO|--|408,0,0.2857142857142857,0.5714285714285714,NA,1,0,2.75,5,2
1549,445,14,Tailored AI,Male,TSO,TSO|--|445,0,0.5714285714285714,NA,NA,0,0,2,2,NA
1550,446,14,Generic AI,Female,TSO,TSO|--|446,0,0.5714285714285714,NA,NA,0,0,3,3,NA
1551,443,14,Tailored AI,Female,TSO,TSO|--|443,0,0.14285714285714285,0.8571428571428571,NA,1,0,2.5,2,2.3333333333333335
1552,193,14,Generic AI,Male,TSO,TSO|--|193,0,0.2857142857142857,NA,NA,0,0,3,4,NA
1553,332,60,Control,Male,ASO,ASO|--|332,0,0.2857142857142857,0.42857142857142855,NA,1,0,2.5,2.5,2
1554,446,14,Tailored AI,Female,TSO,TSO|--|446,0,0.14285714285714285,0.14285714285714285,NA,1,0,3.75,2,2.3333333333333335
1555,141,81,Tailored AI,Male,ASO,ASO|--|141,0,0,NA,NA,0,0,2.5,4,NA
1556,146,81,Generic AI,Male,ASO,ASO|--|146,0,0,NA,NA,0,0,2.5,3,NA
1557,332,60,Control,Female,ASO,ASO|--|332,0,0,0.8571428571428571,NA,1,0,3.5,4,2
1558,408,60,Tailored AI,Other,ASO,ASO|--|408,0,0.42857142857142855,NA,NA,0,0,3.75,3,NA
1559,193,14,Tailored AI,Female,TSO,TSO|--|193,0,0,NA,NA,0,0,3.25,3.5,NA
1560,321,72,Generic AI,Male,ASO,ASO|--|321,0,0,NA,NA,0,0,2,2,NA
1561,341,72,Generic AI,Male,ASO,ASO|--|341,0,0.8571428571428571,NA,NA,0,0,3.25,3,NA
1562,321,72,Control,Female,ASO,ASO|--|321,0,0,NA,NA,0,0,3.5,3,NA
1563,344,72,Generic AI,Female,ASO,ASO|--|344,0,0,NA,NA,0,0,2.5,2,NA
1564,267,72,Generic AI,Female,ASO,ASO|--|267,0,0,NA,NA,0,0,2.75,2.5,NA
1565,380,78,Generic AI,Female,ASO,ASO|--|380,0,0,NA,NA,0,0,NA,NA,NA
1566,118,7,Tailored AI,Female,TSO,TSO|--|118,0,0,NA,NA,0,0,1.75,2.5,NA
1567,118,7,Control,Female,TSO,TSO|--|118,0,0,NA,NA,0,0,2.25,3,NA
1568,108,69,Generic AI,Female,ASO,ASO|--|108,0,0.14285714285714285,NA,NA,0,0,3.25,3,NA
1569,108,69,Tailored AI,Female,ASO,ASO|--|108,0,0,NA,NA,0,0,3,2.5,NA
1570,107,69,Control,Female,ASO,ASO|--|107,0,0.2857142857142857,NA,NA,0,0,3,1.5,NA
1571,108,69,Generic AI,Female,ASO,ASO|--|108,0,0,NA,NA,0,0,3,2.5,NA
1572,108,69,Tailored AI,Male,ASO,ASO|--|108,0,0.2857142857142857,NA,NA,0,0,3.75,1.5,NA
1573,108,69,Control,Female,ASO,ASO|--|108,0,0.2857142857142857,NA,NA,0,0,2.25,3,NA
1574,108,69,Tailored AI,Female,ASO,ASO|--|108,0,0.14285714285714285,0.5714285714285714,NA,1,0,4,3,3
1575,110,69,Generic AI,Male,ASO,ASO|--|110,0,0.2857142857142857,NA,NA,0,0,2.25,2.5,NA
1576,110,69,Generic AI,Female,ASO,ASO|--|110,0,0,NA,NA,0,0,4.5,3,NA
1577,110,69,Control,Female,ASO,ASO|--|110,0,0,NA,NA,0,0,2.75,1.5,NA
1578,110,69,Control,Male,ASO,ASO|--|110,0,0.42857142857142855,NA,NA,0,0,2.5,3,NA
1579,110,69,Tailored AI,Female,ASO,ASO|--|110,0,0.14285714285714285,NA,NA,0,0,4.25,2,NA
1580,110,69,Generic AI,Female,ASO,ASO|--|110,0,0,NA,NA,0,0,2.5,2.5,NA
1581,108,69,Control,Female,ASO,ASO|--|108,0,0.14285714285714285,NA,NA,0,0,3,3,NA
1582,108,69,Control,Male,ASO,ASO|--|108,0,0.2857142857142857,NA,NA,0,0,3.25,2,NA
1583,108,69,Generic AI,Female,ASO,ASO|--|108,0,0,NA,NA,0,0,5,2,NA
1584,110,69,Control,Female,ASO,ASO|--|110,0,0.14285714285714285,NA,NA,0,0,3,2.5,NA
1585,110,69,Generic AI,Male,ASO,ASO|--|110,0,0.14285714285714285,NA,NA,0,0,4,2.5,NA
1586,108,69,Tailored AI,Female,ASO,ASO|--|108,0,0.7142857142857143,NA,NA,0,0,3,3,NA
1587,108,69,Tailored AI,Female,ASO,ASO|--|108,0,0,NA,NA,0,0,3.75,4,NA
1588,110,69,Generic AI,Male,ASO,ASO|--|110,0,0.2857142857142857,NA,NA,0,0,1.75,1.5,NA
1589,108,69,Control,Male,ASO,ASO|--|108,0,0.2857142857142857,NA,NA,0,0,3.5,3,NA
1590,330,14,Generic AI,Male,TSO,TSO|--|330,0,0,NA,NA,0,0,NA,NA,NA
1591,314,14,Tailored AI,Male,TSO,TSO|--|314,0,0.2857142857142857,NA,NA,0,0,2,3,NA
1592,401,14,Generic AI,Male,TSO,TSO|--|401,0,0.2857142857142857,NA,NA,0,0,3,3,NA
1593,400,14,Generic AI,Female,TSO,TSO|--|400,0,0.5714285714285714,1,NA,1,0,3,2.5,2.3333333333333335
1594,401,14,Tailored AI,Female,TSO,TSO|--|401,0,0.5714285714285714,0.8571428571428571,NA,1,0,3,2.5,3
1595,401,14,Control,Male,TSO,TSO|--|401,0,0.2857142857142857,NA,NA,0,0,3,3,NA
1596,330,14,Control,Male,TSO,TSO|--|330,0,0.14285714285714285,NA,NA,0,0,2.5,3,NA
1597,108,69,Control,Female,ASO,ASO|--|108,0,0.14285714285714285,NA,NA,0,0,3,2,NA
1598,107,69,Generic AI,Female,ASO,ASO|--|107,0,0.14285714285714285,NA,NA,0,0,3.25,2.5,NA
1599,108,69,Tailored AI,Female,ASO,ASO|--|108,0,0.7142857142857143,NA,NA,0,0,1.5,2,NA
1600,110,69,Generic AI,Female,ASO,ASO|--|110,0,0.2857142857142857,NA,NA,0,0,2.75,2,NA
1601,108,69,Tailored AI,Female,ASO,ASO|--|108,0,0.42857142857142855,NA,NA,0,0,2.75,2,NA
1602,108,69,Generic AI,Female,ASO,ASO|--|108,0,0.7142857142857143,NA,NA,0,0,1,1.5,NA
1603,108,69,Control,Female,ASO,ASO|--|108,0,0.14285714285714285,NA,NA,0,0,3.25,2.5,NA
1604,108,69,Tailored AI,Female,ASO,ASO|--|108,0,0.14285714285714285,0.8571428571428571,NA,1,0,3.25,3,2.6666666666666665
1605,2,69,Generic AI,Male,ASO,ASO|--|2,0,0.42857142857142855,NA,NA,0,0,3,1.5,NA
1606,110,69,Control,Female,ASO,ASO|--|110,0,0.5714285714285714,NA,NA,0,0,5,3,NA
1607,108,69,Tailored AI,Female,ASO,ASO|--|108,0,0.2857142857142857,NA,NA,0,0,3.25,2,NA
1608,110,69,Control,Female,ASO,ASO|--|110,0,0,NA,NA,0,0,2.5,2,NA
1609,108,69,Generic AI,Female,ASO,ASO|--|108,0,0.42857142857142855,NA,NA,0,0,1.75,4,NA
1610,110,69,Control,Female,ASO,ASO|--|110,0,0.14285714285714285,NA,NA,0,0,2.5,2.5,NA
1611,108,69,Tailored AI,Female,ASO,ASO|--|108,0,0.14285714285714285,NA,NA,0,0,3,2,NA
1612,108,69,Control,Female,ASO,ASO|--|108,0,0,NA,NA,0,0,3.75,2.5,NA
1613,110,69,Control,Female,ASO,ASO|--|110,0,0.14285714285714285,NA,NA,0,0,4.5,4,NA
1614,110,69,Control,Female,ASO,ASO|--|110,0,0.14285714285714285,NA,NA,0,0,2.25,2.5,NA
1615,108,69,Control,Female,ASO,ASO|--|108,0,0,NA,NA,0,0,1.75,3,NA
1616,110,69,Control,Female,ASO,ASO|--|110,0,0.42857142857142855,NA,NA,0,0,2.75,3,NA
1617,110,69,Tailored AI,Male,ASO,ASO|--|110,0,0.5714285714285714,0.14285714285714285,NA,1,0,3,2,2
1618,108,69,Control,Female,ASO,ASO|--|108,0,0.2857142857142857,NA,NA,0,0,2.75,2.5,NA
1619,109,69,Tailored AI,Male,ASO,ASO|--|109,0,0.5714285714285714,NA,NA,0,0,2.75,2.5,NA
1620,452,28,Generic AI,Male,TSO,TSO|--|452,0,0.5714285714285714,0.7142857142857143,NA,1,0,2,2,2
1621,451,28,Control,Male,TSO,TSO|--|451,0,0,0.5714285714285714,NA,1,0,2,2,1.6666666666666667
1622,452,28,Generic AI,Male,TSO,TSO|--|452,0,0,0.8571428571428571,NA,1,0,2,2,2.6666666666666665
1623,423,14,Control,Male,TSO,TSO|--|423,0,0.2857142857142857,NA,NA,0,0,2.25,3,NA
1624,330,14,Tailored AI,Male,TSO,TSO|--|330,0,0.14285714285714285,0.8571428571428571,NA,1,0,2.5,2,3
1625,401,14,Tailored AI,Male,TSO,TSO|--|401,0,0.2857142857142857,NA,NA,0,0,3.5,2,NA
1626,92,58,Tailored AI,Male,TSO,TSO|--|92,0,0.8571428571428571,0.7142857142857143,NA,1,0,2.5,2.5,2
1627,92,58,Generic AI,Male,TSO,TSO|--|92,0,0.14285714285714285,NA,NA,0,0,1.5,1.5,NA
1628,76,58,Tailored AI,Male,TSO,TSO|--|76,0,0.7142857142857143,0.7142857142857143,NA,1,0,2,2.5,2
1629,92,58,Control,Male,TSO,TSO|--|92,0,0.8571428571428571,NA,NA,0,0,2,2.5,NA
1630,92,58,Tailored AI,Male,TSO,TSO|--|92,0,0.42857142857142855,NA,NA,0,0,2.75,2.5,NA
1631,92,58,Control,Female,TSO,TSO|--|92,0,0.7142857142857143,NA,NA,0,0,2.75,3,NA
1632,83,30,Tailored AI,Male,TSO,TSO|--|83,0,0,NA,NA,0,0,2,1.5,NA
1633,77,58,Generic AI,Female,TSO,TSO|--|77,0,0.8571428571428571,NA,NA,0,0,2.75,1.5,NA
1634,76,58,Control,Male,TSO,TSO|--|76,0,0.5714285714285714,NA,NA,0,0,2.25,2,NA
1635,92,58,Control,Male,TSO,TSO|--|92,0,0.7142857142857143,NA,NA,0,0,3,1.5,NA
1636,92,58,Tailored AI,Female,TSO,TSO|--|92,0,0.8571428571428571,NA,NA,0,0,2,2,NA
1637,92,58,Tailored AI,Male,TSO,TSO|--|92,0,0.42857142857142855,NA,NA,0,0,2.75,2,NA
1638,99,58,Tailored AI,Male,TSO,TSO|--|99,0,0,NA,NA,0,0,NA,NA,NA
1639,92,58,Generic AI,Male,TSO,TSO|--|92,0,0.5714285714285714,NA,NA,0,0,1.75,2,NA
1640,92,58,Control,Male,TSO,TSO|--|92,0,0.7142857142857143,NA,NA,0,0,2.75,2.5,NA
1641,2,58,Generic AI,Male,TSO,TSO|--|2,0,0,NA,NA,0,0,3.25,2.5,NA
1642,92,58,Generic AI,Female,TSO,TSO|--|92,0,0.7142857142857143,NA,NA,0,0,2.5,2.5,NA
1643,92,58,Generic AI,Male,TSO,TSO|--|92,0,0.5714285714285714,NA,NA,0,0,3.5,3,NA
1644,92,58,Tailored AI,Male,TSO,TSO|--|92,0,0.42857142857142855,NA,NA,0,0,1.25,1.5,NA
1645,92,58,Tailored AI,Female,TSO,TSO|--|92,0,0.8571428571428571,NA,NA,0,0,2,2,NA
1646,169,81,Control,Female,ASO,ASO|--|169,0,0.42857142857142855,NA,NA,0,0,3,2.5,NA
1647,169,81,Generic AI,Female,ASO,ASO|--|169,0,0.7142857142857143,NA,NA,0,0,3,5,NA
1648,196,81,Control,Male,ASO,ASO|--|196,0,0.5714285714285714,NA,NA,0,0,3.75,2,NA
1649,169,81,Control,Female,ASO,ASO|--|169,0,0.14285714285714285,NA,NA,0,0,4.25,3,NA
1650,196,81,Control,Male,ASO,ASO|--|196,0,0.2857142857142857,NA,NA,0,0,3,2.5,NA
1651,196,81,Control,Male,ASO,ASO|--|196,0,0.42857142857142855,NA,NA,0,0,2.25,3,NA
1652,196,81,Control,Female,ASO,ASO|--|196,0,0.7142857142857143,NA,NA,0,0,1.75,2,NA
1653,196,81,Control,Male,ASO,ASO|--|196,0,0.5714285714285714,NA,NA,0,0,3.25,1.5,NA
1654,172,78,Generic AI,Female,ASO,ASO|--|172,0,0.14285714285714285,NA,NA,0,0,2.75,2,NA
1655,169,81,Control,Female,ASO,ASO|--|169,0,0.8571428571428571,NA,NA,0,0,3,3,NA
1656,196,81,Control,Male,ASO,ASO|--|196,0,0.8571428571428571,NA,NA,0,0,2,3,NA
1657,118,54,Control,Male,ASO,ASO|--|118,0,0.42857142857142855,NA,NA,0,0,3,3,NA
1658,121,81,Generic AI,Male,ASO,ASO|--|121,0,0.2857142857142857,NA,NA,0,0,2.75,2.5,NA
1659,221,14,Control,Female,ASO,ASO|--|221,0,0.42857142857142855,0.7142857142857143,NA,1,0,3.5,2.5,2.6666666666666665
1660,196,81,Generic AI,Male,KSO,KSO|--|196,0,0,NA,NA,0,0,5,5,NA
1661,186,58,Generic AI,Female,ASO,ASO|--|186,0,0,NA,NA,0,0,NA,NA,NA
1662,92,58,Control,Female,ASO,ASO|--|92,0,0.8571428571428571,NA,NA,0,0,3.25,1.5,NA
1663,2,58,Generic AI,Female,ASO,ASO|--|2,0,0.8571428571428571,NA,NA,0,0,NA,NA,NA
1664,2,58,Tailored AI,Female,ASO,ASO|--|2,0,0,NA,NA,0,0,NA,NA,NA
1665,92,58,Generic AI,Female,ASO,ASO|--|92,0,0.5714285714285714,NA,NA,0,0,NA,NA,NA
1666,92,58,Generic AI,Female,ASO,ASO|--|92,0,0.7142857142857143,NA,NA,0,0,3.5,3,NA
1667,92,58,Tailored AI,Female,ASO,ASO|--|92,0,0.8571428571428571,NA,NA,0,0,2,4,NA
1668,92,58,Generic AI,Female,ASO,ASO|--|92,0,0.7142857142857143,NA,NA,0,0,3.25,3,NA
1669,92,58,Control,Female,ASO,ASO|--|92,0,0.2857142857142857,NA,NA,0,0,2.75,2.5,NA
1670,92,58,Generic AI,Female,ASO,ASO|--|92,0,0,NA,NA,0,0,NA,NA,NA
1671,92,58,Tailored AI,Female,ASO,ASO|--|92,0,0,NA,NA,0,0,NA,NA,NA
1672,92,58,Generic AI,Male,ASO,ASO|--|92,0,0,NA,NA,0,0,NA,NA,NA
1673,367,85,Generic AI,Female,ASO,ASO|--|367,0,0.14285714285714285,NA,NA,0,0,2.25,3.5,NA
1674,422,92,Generic AI,Female,ASO,ASO|--|422,0,0.5714285714285714,NA,NA,0,0,2,2,NA
1675,131,73,Generic AI,Male,TSO,TSO|--|131,0,0.14285714285714285,NA,NA,0,0,2.75,3,NA
1676,131,92,Generic AI,Male,TSO,TSO|--|131,0,0.7142857142857143,NA,NA,0,0,4,4,NA
1677,131,92,Generic AI,Male,TSO,TSO|--|131,0,0.42857142857142855,NA,NA,0,0,3.25,2,NA
1678,131,92,Control,Female,TSO,TSO|--|131,0,0.42857142857142855,0.5714285714285714,0.42857142857142855,1,1,3,3.5,4.333333333333333
1679,116,73,Tailored AI,Male,Other,Other|--|116,0,0,0.5714285714285714,0.5714285714285714,1,1,2.75,2.5,2
1680,116,92,Tailored AI,Female,TSO,TSO|--|116,0,0.42857142857142855,0.2857142857142857,0.2857142857142857,1,1,2,3,2
1680,116,92,Tailored AI,Female,TSO,TSO|--|116,0,0.42857142857142855,0.2857142857142857,0.2857142857142857,1,1,2,3,2
1681,116,73,Control,Female,TSO,TSO|--|116,0,0.42857142857142855,0.2857142857142857,0.5714285714285714,1,1,3,2,2
1682,131,73,Control,Female,TSO,TSO|--|131,0,0.42857142857142855,0.42857142857142855,0.5714285714285714,1,1,3.25,5,3
1683,133,92,Tailored AI,Male,TSO,TSO|--|133,0,0.5714285714285714,0.2857142857142857,0,1,1,2.5,2,2
1684,116,92,Control,Female,TSO,TSO|--|116,0,0.42857142857142855,0.14285714285714285,0.14285714285714285,1,1,4.5,3,2.3333333333333335
1685,92,58,Tailored AI,Female,ASO,ASO|--|92,0,0.42857142857142855,NA,NA,0,0,2.5,2,NA
1686,92,58,Control,Male,ASO,ASO|--|92,0,0.7142857142857143,NA,NA,0,0,3.25,2.5,NA
1687,76,58,Control,Female,ASO,ASO|--|76,0,0.42857142857142855,NA,NA,0,0,1.75,2,NA
1688,92,58,Tailored AI,Male,ASO,ASO|--|92,0,0.7142857142857143,NA,NA,0,0,2,3,NA
1689,92,58,Tailored AI,Male,ASO,ASO|--|92,0,0.7142857142857143,NA,NA,0,0,2,2,NA
1690,92,58,Tailored AI,Male,ASO,ASO|--|92,0,0.42857142857142855,NA,NA,0,0,2.25,1,NA
1691,92,58,Generic AI,Male,ASO,ASO|--|92,0,0.8571428571428571,NA,NA,0,0,3.75,3,NA
1692,92,58,Tailored AI,Male,ASO,ASO|--|92,0,0.7142857142857143,NA,NA,0,0,2,2.5,NA
1693,92,58,Generic AI,Male,ASO,ASO|--|92,0,0.42857142857142855,NA,NA,0,0,2,1,NA
1694,92,58,Generic AI,Male,ASO,ASO|--|92,0,0.8571428571428571,NA,NA,0,0,2.75,2.5,NA
1695,92,58,Generic AI,Male,ASO,ASO|--|92,0,0.8571428571428571,NA,NA,0,0,2.5,2,NA
1696,92,58,Generic AI,Male,ASO,ASO|--|92,0,0.8571428571428571,NA,NA,0,0,4,4,NA
1697,92,58,Generic AI,Female,ASO,ASO|--|92,0,0.7142857142857143,NA,NA,0,0,2.5,2.5,NA
1698,92,58,Generic AI,Female,ASO,ASO|--|92,0,0.42857142857142855,NA,NA,0,0,2.75,2.5,NA
1699,4,58,Generic AI,Male,ASO,ASO|--|4,0,0.8571428571428571,NA,NA,0,0,2.5,2.5,NA
1700,92,58,Tailored AI,Female,ASO,ASO|--|92,0,0.7142857142857143,NA,NA,0,0,2,2.5,NA
1701,92,58,Control,Female,ASO,ASO|--|92,0,0.8571428571428571,NA,NA,0,0,2.75,3,NA
1702,92,58,Control,Female,ASO,ASO|--|92,0,0.42857142857142855,NA,NA,0,0,3.25,2.5,NA
1703,92,58,Control,Female,ASO,ASO|--|92,0,0.42857142857142855,NA,NA,0,0,3.75,2.5,NA
1704,376,92,Tailored AI,Female,ASO,ASO|--|376,0,0.5714285714285714,NA,NA,0,0,3.75,3.5,NA
1705,374,92,Tailored AI,Female,ASO,ASO|--|374,0,0,NA,NA,0,0,NA,NA,NA
1706,374,92,Control,Male,ASO,ASO|--|374,0,0.42857142857142855,NA,NA,0,0,3.25,3,NA
1707,434,60,Control,Male,TSO,TSO|--|434,0,0.14285714285714285,NA,NA,0,0,1.5,1,NA
1708,299,92,Tailored AI,Male,ASO,ASO|--|299,0,0.42857142857142855,NA,NA,0,0,2.5,4,NA
1709,374,92,Generic AI,Male,ASO,ASO|--|374,0,0.42857142857142855,NA,NA,0,0,2.5,2,NA
1710,379,92,Control,Female,ASO,ASO|--|379,0,0.42857142857142855,NA,NA,0,0,2.5,2.5,NA
1711,332,60,Control,Male,ASO,ASO|--|332,0,0.7142857142857143,NA,NA,0,0,5,5,NA
1712,310,92,Tailored AI,Female,ASO,ASO|--|310,0,0.14285714285714285,NA,NA,0,0,2,2,NA
1713,309,92,Tailored AI,Male,ASO,ASO|--|309,0,0.2857142857142857,NA,NA,0,0,2.5,2,NA
1714,394,92,Control,Male,ASO,ASO|--|394,0,0.5714285714285714,NA,NA,0,0,3,2,NA
1715,394,92,Tailored AI,Male,ASO,ASO|--|394,0,0.42857142857142855,NA,NA,0,0,5,5,NA
1716,329,92,Control,Female,ASO,ASO|--|329,0,0.42857142857142855,NA,NA,0,0,1.5,NA,NA
1717,394,92,Tailored AI,Female,ASO,ASO|--|394,0,0.42857142857142855,NA,NA,0,0,3.5,2,NA
1718,392,98,Tailored AI,Male,ASO,ASO|--|392,0,0.5714285714285714,NA,NA,0,0,3.25,3,NA
1719,393,92,Tailored AI,Male,ASO,ASO|--|393,0,0.7142857142857143,NA,NA,0,0,2.75,2.5,NA
1720,329,92,Control,Female,ASO,ASO|--|329,0,0.5714285714285714,NA,NA,0,0,2.5,1.5,NA
1721,394,92,Generic AI,Female,ASO,ASO|--|394,0,0.5714285714285714,NA,NA,0,0,3,3,NA
1722,389,92,Generic AI,Female,ASO,ASO|--|389,0,0.2857142857142857,NA,NA,0,0,3.25,2,NA
1723,396,92,Generic AI,Female,ASO,ASO|--|396,0,0.14285714285714285,NA,NA,0,0,2.5,2.5,NA
1724,308,92,Tailored AI,Female,ASO,ASO|--|308,0,0.7142857142857143,NA,NA,0,0,2.5,3,NA
1725,394,92,Generic AI,Female,ASO,ASO|--|394,0,0.14285714285714285,NA,NA,0,0,4.25,1,NA
1726,394,92,Tailored AI,Male,ASO,ASO|--|394,0,0.2857142857142857,NA,NA,0,0,NA,NA,NA
1727,329,92,Control,Male,ASO,ASO|--|329,0,0.2857142857142857,NA,NA,0,0,2.5,2,NA
1728,308,92,Control,Female,ASO,ASO|--|308,0,0.2857142857142857,NA,NA,0,0,2.75,2,NA
1729,395,92,Control,Male,ASO,ASO|--|395,0,0.5714285714285714,NA,NA,0,0,3,3,NA
1730,390,97,Control,Male,ASO,ASO|--|390,0,0.14285714285714285,NA,NA,0,0,2.75,1.5,NA
1731,329,92,Tailored AI,Male,ASO,ASO|--|329,0,0,NA,NA,0,0,NA,NA,NA
1732,329,92,Tailored AI,Female,ASO,ASO|--|329,0,0.42857142857142855,NA,NA,0,0,3,4,NA
1733,394,92,Tailored AI,Female,ASO,ASO|--|394,0,0.14285714285714285,NA,NA,0,0,2,2,NA
1734,394,92,Generic AI,Female,ASO,ASO|--|394,0,0.2857142857142857,NA,NA,0,0,2,2.5,NA
1735,188,85,Tailored AI,Female,ASO,ASO|--|188,0,0.14285714285714285,NA,NA,0,0,3,4,NA
1736,188,85,Tailored AI,Male,ASO,ASO|--|188,0,0.14285714285714285,NA,NA,0,0,2.5,1.5,NA
1737,188,85,Generic AI,Female,ASO,ASO|--|188,0,0,NA,NA,0,0,2.5,2,NA
1738,188,80,Generic AI,Male,ASO,ASO|--|188,0,0.2857142857142857,NA,NA,0,0,2,2.5,NA
1739,190,85,Tailored AI,Male,ASO,ASO|--|190,0,0.2857142857142857,NA,NA,0,0,3,2,NA
1740,188,85,Tailored AI,Male,ASO,ASO|--|188,0,0.42857142857142855,NA,NA,0,0,2.25,2.5,NA
1741,189,80,Generic AI,Female,ASO,ASO|--|189,0,0.2857142857142857,NA,NA,0,0,3.5,2.5,NA
1742,190,80,Generic AI,Female,ASO,ASO|--|190,0,0.42857142857142855,NA,NA,0,0,3.5,3,NA
1743,190,85,Generic AI,Female,ASO,ASO|--|190,0,0.14285714285714285,NA,NA,0,0,3.25,2,NA
1744,190,85,Tailored AI,Male,ASO,ASO|--|190,0,0.2857142857142857,NA,NA,0,0,2,3,NA
1745,190,85,Control,Male,ASO,ASO|--|190,0,0.14285714285714285,NA,NA,0,0,3,3.5,NA
1746,190,85,Generic AI,Male,ASO,ASO|--|190,0,0,NA,NA,0,0,NA,NA,NA
1747,425,85,Control,Male,BSO,BSO|--|425,0,0.7142857142857143,NA,NA,0,0,1.75,3.5,NA
1748,467,85,Tailored AI,Male,KSO,KSO|--|467,0,0.7142857142857143,NA,NA,0,0,2.5,3.5,NA
1749,374,92,Generic AI,Female,ASO,ASO|--|374,0,0.5714285714285714,1,0.8571428571428571,1,1,3,3,2.3333333333333335
1750,372,92,Generic AI,Female,ASO,ASO|--|372,0,0.5714285714285714,NA,NA,0,0,3.5,2.5,NA
1751,374,92,Generic AI,Female,ASO,ASO|--|374,0,0.5714285714285714,1,1,1,1,2.75,2.5,2.3333333333333335
1752,374,92,Generic AI,Female,ASO,ASO|--|374,0,0.8571428571428571,1,1,1,1,2.5,3.5,4.333333333333333
1754,416,92,Control,Male,ASO,ASO|--|416,0,0.5714285714285714,1,0.8571428571428571,1,1,2.5,3,2
1755,374,92,Tailored AI,Male,ASO,ASO|--|374,0,0.7142857142857143,0.8571428571428571,NA,1,0,3,4,2.6666666666666665
1756,329,98,Generic AI,Female,ASO,ASO|--|329,0,0.5714285714285714,NA,NA,0,0,3.25,2,NA
1757,394,92,Tailored AI,Male,ASO,ASO|--|394,0,0.2857142857142857,NA,NA,0,0,2.5,2,NA
1758,329,92,Tailored AI,Male,ASO,ASO|--|329,0,0.5714285714285714,NA,NA,0,0,2.25,1.5,NA
1759,308,92,Generic AI,Female,ASO,ASO|--|308,0,0.42857142857142855,NA,NA,0,0,2.75,2,NA
1760,389,92,Tailored AI,Male,ASO,ASO|--|389,0,0.7142857142857143,NA,NA,0,0,3.25,3,NA
1761,391,92,Tailored AI,Female,ASO,ASO|--|391,0,0.42857142857142855,NA,NA,0,0,2.75,2,NA
1762,329,92,Generic AI,Female,ASO,ASO|--|329,0,0.42857142857142855,NA,NA,0,0,3,2.5,NA
1763,311,92,Tailored AI,Female,ASO,ASO|--|311,0,0.14285714285714285,NA,NA,0,0,2.25,3.5,NA
1764,388,92,Control,Male,ASO,ASO|--|388,0,0.2857142857142857,NA,NA,0,0,3,3,NA
1765,421,92,Generic AI,Male,ASO,ASO|--|421,0,0.7142857142857143,NA,NA,0,0,3,2.5,NA
1766,329,88,Generic AI,Female,ASO,ASO|--|329,0,0.5714285714285714,NA,NA,0,0,3.5,2.5,NA
1767,398,14,Control,Female,TSO,TSO|--|398,0,0.42857142857142855,NA,NA,0,0,2.25,1,NA
1768,398,14,Generic AI,Female,TSO,TSO|--|398,0,0.14285714285714285,NA,NA,0,0,2.75,1,NA
1769,330,14,Tailored AI,Female,TSO,TSO|--|330,0,0.14285714285714285,NA,NA,0,0,3.5,4,NA
1770,401,14,Control,Female,TSO,TSO|--|401,0,0.2857142857142857,NA,NA,0,0,3,2,NA
1771,330,14,Tailored AI,Male,TSO,TSO|--|330,0,0,NA,NA,0,0,2.5,2,NA
1772,398,14,Generic AI,Female,TSO,TSO|--|398,0,0.8571428571428571,NA,NA,0,0,1.75,2,NA
1773,398,14,Control,Female,TSO,TSO|--|398,0,0.7142857142857143,NA,NA,0,0,3.5,4,NA
1774,423,14,Generic AI,Male,TSO,TSO|--|423,0,0,NA,NA,0,0,3.5,3,NA
1775,330,14,Tailored AI,Female,TSO,TSO|--|330,0,0.5714285714285714,NA,NA,0,0,5,3.5,NA
1776,314,14,Control,Female,TSO,TSO|--|314,0,0.42857142857142855,NA,NA,0,0,3.5,3.5,NA
1777,330,80,Tailored AI,Female,TSO,TSO|--|330,0,0,NA,NA,0,0,NA,NA,NA
1778,330,14,Control,Female,TSO,TSO|--|330,0,0,NA,NA,0,0,NA,NA,NA
1779,330,14,Tailored AI,Male,TSO,TSO|--|330,0,0.2857142857142857,NA,NA,0,0,1.75,2.5,NA
1780,422,14,Generic AI,Male,TSO,TSO|--|422,0,0,NA,NA,0,0,4.25,2.5,NA
1781,330,14,Tailored AI,Female,TSO,TSO|--|330,0,0,NA,NA,0,0,NA,NA,NA
1782,422,14,Generic AI,Male,TSO,TSO|--|422,0,0.2857142857142857,NA,NA,0,0,2.75,2.5,NA
1783,330,14,Control,Female,TSO,TSO|--|330,0,0,NA,NA,0,0,NA,NA,NA
1784,401,14,Control,Female,TSO,TSO|--|401,0,0,NA,NA,0,0,2,1.5,NA
1785,330,14,Control,Female,TSO,TSO|--|330,0,0.42857142857142855,NA,NA,0,0,2.5,3,NA
1786,330,14,Control,Female,TSO,TSO|--|330,0,0.42857142857142855,NA,NA,0,0,NA,NA,NA
1787,220,79,Tailored AI,Female,ASO,ASO|--|220,0,0.5714285714285714,0.5714285714285714,0.8571428571428571,1,1,5,3.5,2.6666666666666665
1788,401,80,Generic AI,Female,TSO,TSO|--|401,0,0.7142857142857143,NA,NA,0,0,3,3,NA
1789,169,13,Generic AI,Female,TSO,TSO|--|169,0,0.5714285714285714,0.8571428571428571,NA,1,0,5,5,2.6666666666666665
1790,330,14,Control,Female,ASO,ASO|--|330,0,0.42857142857142855,NA,NA,0,0,3,3,NA
1791,424,14,Tailored AI,Male,ASO,ASO|--|424,0,0.7142857142857143,NA,NA,0,0,3,2.5,NA
1792,402,14,Control,Male,ASO,ASO|--|402,0,0,NA,NA,0,0,NA,NA,NA
1793,314,14,Tailored AI,Female,ASO,ASO|--|314,0,0.8571428571428571,NA,NA,0,0,2,NA,NA
1794,403,14,Tailored AI,Male,ASO,ASO|--|403,0,0.5714285714285714,NA,NA,0,0,5,4,NA
1795,92,58,Control,Female,ASO,ASO|--|92,0,0.5714285714285714,NA,NA,0,0,2.25,2.5,NA
1796,401,14,Generic AI,Female,ASO,ASO|--|401,0,0,NA,NA,0,0,NA,NA,NA
1797,401,14,Generic AI,Female,ASO,ASO|--|401,0,0.14285714285714285,NA,NA,0,0,2.75,2.5,NA
1798,397,14,Control,Female,ASO,ASO|--|397,0,0.42857142857142855,NA,NA,0,0,2.75,3,NA
1799,92,58,Generic AI,Female,ASO,ASO|--|92,0,0.8571428571428571,NA,NA,0,0,2.5,3,NA
1800,92,58,Control,Female,ASO,ASO|--|92,0,0.7142857142857143,NA,NA,0,0,2.5,1,NA
1801,4,58,Generic AI,Female,ASO,ASO|--|4,0,0.2857142857142857,NA,NA,0,0,2.5,2.5,NA
1802,76,58,Control,Male,ASO,ASO|--|76,0,0.42857142857142855,NA,NA,0,0,3,4,NA
1803,401,14,Tailored AI,Female,ASO,ASO|--|401,0,0,NA,NA,0,0,2.5,3,NA
1804,4,58,Generic AI,Female,ASO,ASO|--|4,0,0.42857142857142855,NA,NA,0,0,2.75,3,NA
1805,165,58,Generic AI,Male,ASO,ASO|--|165,0,0.7142857142857143,NA,NA,0,0,2,2,NA
1806,92,58,Control,Male,ASO,ASO|--|92,0,0.8571428571428571,NA,NA,0,0,4,5,NA
1807,92,58,Control,Female,ASO,ASO|--|92,0,0.7142857142857143,NA,NA,0,0,3.5,2,NA
1808,92,58,Tailored AI,Male,ASO,ASO|--|92,0,0.5714285714285714,NA,NA,0,0,2.75,2.5,NA
1809,92,58,Tailored AI,Male,ASO,ASO|--|92,0,0.5714285714285714,NA,NA,0,0,2,5,NA
1810,92,58,Tailored AI,Male,ASO,ASO|--|92,0,0.14285714285714285,NA,NA,0,0,2.5,2.5,NA
1811,92,58,Generic AI,Female,ASO,ASO|--|92,0,0.2857142857142857,NA,NA,0,0,2,2,NA
1812,92,58,Generic AI,Female,ASO,ASO|--|92,0,0.8571428571428571,NA,NA,0,0,3.25,2.5,NA
1813,92,58,Generic AI,Male,ASO,ASO|--|92,0,0.42857142857142855,NA,NA,0,0,2.75,5,NA
1814,92,58,Generic AI,Female,ASO,ASO|--|92,0,0.5714285714285714,NA,NA,0,0,3.5,3,NA
1815,403,14,Control,Male,ASO,ASO|--|403,0,0.42857142857142855,NA,NA,0,0,3,3,NA
1816,92,58,Generic AI,Male,ASO,ASO|--|92,0,0.8571428571428571,NA,NA,0,0,3,2.5,NA
1817,314,14,Generic AI,Female,ASO,ASO|--|314,0,0.8571428571428571,NA,NA,0,0,2.75,2.5,NA
1818,330,14,Tailored AI,Male,ASO,ASO|--|330,0,0.2857142857142857,NA,NA,0,0,3,2.5,NA
1819,401,14,Generic AI,Male,ASO,ASO|--|401,0,0.42857142857142855,NA,NA,0,0,2.75,4,NA
1820,99,50,Tailored AI,Male,ASO,ASO|--|99,0,0.5714285714285714,NA,NA,0,0,2.5,2,NA
1821,92,61,Tailored AI,Male,ASO,ASO|--|92,0,0.5714285714285714,NA,NA,0,0,2.5,3,NA
1822,92,58,Control,Female,ASO,ASO|--|92,0,0.7142857142857143,NA,NA,0,0,5,5,NA
1823,398,14,Tailored AI,Female,ASO,ASO|--|398,0,0.2857142857142857,0.8571428571428571,NA,1,0,2.25,2,2
1824,398,14,Control,Female,ASO,ASO|--|398,0,0.2857142857142857,NA,NA,0,0,1.75,2,NA
1825,401,14,Tailored AI,Female,ASO,ASO|--|401,0,0.7142857142857143,NA,NA,0,0,2.5,3,NA
1826,330,14,Control,Female,TSO,TSO|--|330,0,0.8571428571428571,NA,NA,0,0,2.5,2.5,NA
1827,330,14,Control,Male,ASO,ASO|--|330,0,0.2857142857142857,NA,NA,0,0,2.25,2,NA
1828,330,14,Tailored AI,Female,ASO,ASO|--|330,0,0.14285714285714285,NA,NA,0,0,3.5,2,NA
1829,401,14,Control,Female,ASO,ASO|--|401,0,0.14285714285714285,0.14285714285714285,NA,1,0,2.5,1,2.6666666666666665
1830,330,14,Tailored AI,Female,ASO,ASO|--|330,0,0,NA,NA,0,0,NA,NA,NA
1831,330,14,Control,Female,ASO,ASO|--|330,0,0,NA,NA,0,0,NA,NA,NA
1832,399,14,Control,Male,ASO,ASO|--|399,0,0.2857142857142857,NA,NA,0,0,2.75,2.5,NA
1833,330,14,Control,Female,ASO,ASO|--|330,0,0.14285714285714285,NA,NA,0,0,3,2,NA
1834,401,14,Generic AI,Female,ASO,ASO|--|401,0,0.2857142857142857,NA,NA,0,0,4,2.5,NA
1835,314,14,Control,Female,ASO,ASO|--|314,0,0,NA,NA,0,0,3,2.5,NA
1836,330,14,Control,Female,ASO,ASO|--|330,0,0.14285714285714285,NA,NA,0,0,2.75,3,NA
1837,330,14,Tailored AI,Male,ASO,ASO|--|330,0,0.42857142857142855,NA,NA,0,0,2,2,NA
1838,330,14,Tailored AI,Male,ASO,ASO|--|330,0,0.5714285714285714,NA,NA,0,0,2.5,2.5,NA
1839,403,14,Tailored AI,Female,ASO,ASO|--|403,0,0.5714285714285714,NA,NA,0,0,4.5,4,NA
1840,401,14,Tailored AI,Male,ASO,ASO|--|401,0,0.2857142857142857,NA,NA,0,0,3,3,NA
1841,401,14,Tailored AI,Female,ASO,ASO|--|401,0,0,NA,NA,0,0,3.25,2,NA
1842,401,14,Tailored AI,Female,ASO,ASO|--|401,0,0.5714285714285714,NA,NA,0,0,2.75,1.5,NA
1843,330,14,Control,Female,ASO,ASO|--|330,0,0,NA,NA,0,0,3,4,NA
1844,330,14,Generic AI,Female,ASO,ASO|--|330,0,0.7142857142857143,NA,NA,0,0,3.75,2.5,NA
1845,330,14,Control,Female,ASO,ASO|--|330,0,0.2857142857142857,NA,NA,0,0,2.5,2.5,NA
1846,401,14,Generic AI,Male,ASO,ASO|--|401,0,0.14285714285714285,NA,NA,0,0,2.5,3,NA
1847,330,14,Control,Female,ASO,ASO|--|330,0,0,NA,NA,0,0,2,1.5,NA
1848,330,14,Tailored AI,Female,ASO,ASO|--|330,0,0.14285714285714285,NA,NA,0,0,2.5,3,NA
1849,97,88,Control,Female,ASO,ASO|--|97,0,0.7142857142857143,NA,NA,0,0,2.75,2.5,NA
1850,403,14,Tailored AI,Female,ASO,ASO|--|403,0,0,NA,NA,0,0,NA,NA,NA
1851,1,58,Tailored AI,Male,ASO,ASO|--|1,0,0.5714285714285714,NA,NA,0,0,2,2,NA
1852,401,14,Tailored AI,Female,ASO,ASO|--|401,0,0,NA,NA,0,0,2,2.5,NA
1853,330,14,Control,Female,ASO,ASO|--|330,0,0,NA,NA,0,0,2.25,1,NA
1854,401,14,Generic AI,Female,ASO,ASO|--|401,0,0,NA,NA,0,0,NA,NA,NA
1855,330,14,Generic AI,Female,ASO,ASO|--|330,0,0,NA,NA,0,0,NA,NA,NA
1856,330,14,Tailored AI,Female,ASO,ASO|--|330,0,0,NA,NA,0,0,NA,NA,NA
1857,330,14,Control,Female,ASO,ASO|--|330,0,0,NA,NA,0,0,NA,NA,NA
1858,330,14,Control,Female,ASO,ASO|--|330,0,0,NA,NA,0,0,NA,NA,NA
1859,423,14,Generic AI,Female,ASO,ASO|--|423,0,0,NA,NA,0,0,2,3,NA
1860,169,81,Generic AI,Female,ASO,ASO|--|169,0,0.5714285714285714,NA,NA,0,0,3.5,2,NA
1861,169,81,Tailored AI,Male,ASO,ASO|--|169,0,0.5714285714285714,0.8571428571428571,NA,1,0,2.75,3,2
1862,196,81,Tailored AI,Female,ASO,ASO|--|196,0,0,0.2857142857142857,NA,1,0,2.5,3,1.3333333333333333
1863,196,81,Tailored AI,Male,ASO,ASO|--|196,0,0.42857142857142855,0.5714285714285714,NA,1,0,3,3,1.3333333333333333
1864,196,81,Control,Female,ASO,ASO|--|196,0,0.14285714285714285,0.14285714285714285,NA,1,0,2.5,2.5,1.6666666666666667
1865,196,81,Tailored AI,Female,ASO,ASO|--|196,0,0.5714285714285714,0.8571428571428571,NA,1,0,3.25,2.5,2
1866,169,81,Generic AI,Female,ASO,ASO|--|169,0,0.14285714285714285,0.14285714285714285,NA,1,0,2.5,3,4
1867,169,81,Generic AI,Female,ASO,ASO|--|169,0,0.2857142857142857,NA,NA,0,0,NA,NA,NA
1868,196,81,Control,Male,ASO,ASO|--|196,0,0.5714285714285714,0.8571428571428571,NA,1,0,3.5,3,2
1869,196,81,Generic AI,Female,ASO,ASO|--|196,0,0.2857142857142857,0.5714285714285714,NA,1,0,2.5,2,1.6666666666666667
1870,196,81,Control,Male,ASO,ASO|--|196,0,0.2857142857142857,0.8571428571428571,NA,1,0,3.5,2.5,2.3333333333333335
1871,169,81,Generic AI,Male,ASO,ASO|--|169,0,0.42857142857142855,NA,NA,0,0,NA,NA,NA
1872,196,81,Generic AI,Female,ASO,ASO|--|196,0,0.2857142857142857,0.2857142857142857,NA,1,0,2.5,2.5,1.6666666666666667
1873,169,81,Tailored AI,Female,ASO,ASO|--|169,0,0.2857142857142857,0.7142857142857143,NA,1,0,3.5,3,3.6666666666666665
1874,196,81,Control,Female,ASO,ASO|--|196,0,0,0.2857142857142857,NA,1,0,3,2,2
1875,330,14,Generic AI,Female,ASO,ASO|--|330,0,0.5714285714285714,NA,NA,0,0,2.75,1.5,NA
1876,320,78,Tailored AI,Female,Other,Other|--|320,0,0.7142857142857143,NA,NA,0,0,3,3,NA
1877,222,14,Control,Male,ASO,ASO|--|222,0,0.42857142857142855,0.8571428571428571,NA,1,0,2.75,3,3.6666666666666665
1878,221,14,Generic AI,Female,ASO,ASO|--|221,0,0.42857142857142855,NA,NA,0,0,2.5,2.5,NA
1879,221,14,Tailored AI,Female,ASO,ASO|--|221,0,0,0.42857142857142855,NA,1,0,2.5,4,1.6666666666666667
1880,221,14,Control,Male,ASO,ASO|--|221,0,0.14285714285714285,0.7142857142857143,NA,1,0,2.25,2,2.3333333333333335
1881,221,14,Generic AI,Male,ASO,ASO|--|221,0,0.2857142857142857,0.7142857142857143,NA,1,0,3,3,3
1882,220,14,Tailored AI,Male,ASO,ASO|--|220,0,0.42857142857142855,0.8571428571428571,NA,1,0,3,3,2
1883,220,14,Generic AI,Male,ASO,ASO|--|220,0,0,1,NA,1,0,NA,NA,3
1884,202,58,Control,Female,ASO,ASO|--|202,0,0.2857142857142857,NA,NA,0,0,2.5,2,NA
1885,21,36,Generic AI,Female,TSO,TSO|--|21,0,0.2857142857142857,NA,NA,0,0,3,2,NA
1886,22,36,Tailored AI,Female,TSO,TSO|--|22,0,0.7142857142857143,NA,NA,0,0,2.75,2.5,NA
1887,21,36,Control,Male,TSO,TSO|--|21,0,0.8571428571428571,NA,NA,0,0,1.25,3,NA
1888,24,36,Control,Female,TSO,TSO|--|24,0,0.42857142857142855,NA,NA,0,0,1.75,2,NA
1889,21,80,Generic AI,Male,TSO,TSO|--|21,0,0.2857142857142857,NA,NA,0,0,3.25,4,NA
1890,22,36,Generic AI,Female,TSO,TSO|--|22,0,0.2857142857142857,NA,NA,0,0,2.5,1.5,NA
1891,21,36,Tailored AI,Male,TSO,TSO|--|21,0,0.7142857142857143,NA,NA,0,0,2.5,3.5,NA
1892,22,80,Tailored AI,Female,TSO,TSO|--|22,0,0.8571428571428571,NA,NA,0,0,2.25,2.5,NA
1893,21,36,Tailored AI,Male,TSO,TSO|--|21,0,0.2857142857142857,NA,NA,0,0,2.75,2.5,NA
1894,22,80,Control,Male,TSO,TSO|--|22,0,0.42857142857142855,NA,NA,0,0,1.75,1.5,NA
1895,316,71,Generic AI,Female,TSO,TSO|--|316,0,0.14285714285714285,NA,NA,0,0,2.5,2.5,NA
1896,21,80,Tailored AI,Male,TSO,TSO|--|21,0,0.8571428571428571,0.8571428571428571,1,1,1,3.5,1.5,4.333333333333333
1897,316,71,Generic AI,Male,TSO,TSO|--|316,0,0.42857142857142855,NA,NA,0,0,2.25,2.5,NA
1898,316,71,Generic AI,Male,TSO,TSO|--|316,0,0.42857142857142855,NA,NA,0,0,3.25,2.5,NA
1899,317,71,Tailored AI,Female,TSO,TSO|--|317,0,0.14285714285714285,0.2857142857142857,NA,1,0,3,3,2.6666666666666665
1900,20,80,Tailored AI,Female,TSO,TSO|--|20,0,0.7142857142857143,NA,NA,0,0,1.5,2,NA
1901,439,71,Control,Male,TSO,TSO|--|439,0,0.14285714285714285,NA,NA,0,0,4.5,5,NA
1902,406,71,Tailored AI,Male,TSO,TSO|--|406,0,0.2857142857142857,NA,NA,0,0,3,3,NA
1903,316,71,Control,Male,TSO,TSO|--|316,0,0.14285714285714285,0.42857142857142855,NA,1,0,3,2,1.6666666666666667
1904,316,71,Generic AI,Male,TSO,TSO|--|316,0,0.14285714285714285,NA,NA,0,0,NA,NA,NA
1905,438,71,Tailored AI,Male,TSO,TSO|--|438,0,0.14285714285714285,NA,NA,0,0,2,2,NA
1906,316,71,Generic AI,Female,TSO,TSO|--|316,0,0.14285714285714285,NA,NA,0,0,2.75,2.5,NA
1907,21,36,Generic AI,Female,TSO,TSO|--|21,0,0.8571428571428571,NA,NA,0,0,3.5,2.5,NA
1908,406,71,Generic AI,Female,TSO,TSO|--|406,0,0.14285714285714285,NA,NA,0,0,NA,NA,NA
1909,22,36,Generic AI,Female,TSO,TSO|--|22,0,0.7142857142857143,NA,NA,0,0,2.75,3,NA
1910,22,36,Generic AI,Female,TSO,TSO|--|22,0,0.2857142857142857,0.7142857142857143,NA,1,0,2.5,1.5,2
1911,23,36,Generic AI,Female,TSO,TSO|--|23,0,0.5714285714285714,NA,NA,0,0,2.5,3,NA
1912,316,71,Control,Male,ASO,ASO|--|316,0,0.14285714285714285,0.42857142857142855,NA,1,0,2.5,3,2.6666666666666665
1913,22,36,Control,Male,TSO,TSO|--|22,0,0.7142857142857143,NA,NA,0,0,3.5,2.5,NA
1914,406,16,Control,Male,TSO,TSO|--|406,0,0.42857142857142855,0.7142857142857143,NA,1,0,3,3,3
1915,220,14,Generic AI,Male,ASO,ASO|--|220,0,0.5714285714285714,1,NA,1,0,3.5,2.5,2.6666666666666665
1916,220,14,Generic AI,Male,ASO,ASO|--|220,0,0.5714285714285714,1,NA,1,0,3.5,2.5,2.6666666666666665
1917,92,58,Tailored AI,Female,ASO,ASO|--|92,0,0.2857142857142857,NA,NA,0,0,2.75,2.5,NA
1918,92,58,Tailored AI,Male,ASO,ASO|--|92,0,0.7142857142857143,NA,NA,0,0,1.75,1.5,NA
1919,92,58,Control,Male,ASO,ASO|--|92,0,0.14285714285714285,NA,NA,0,0,2.75,2.5,NA
1920,161,58,Generic AI,Male,ASO,ASO|--|161,0,0.8571428571428571,NA,NA,0,0,1.75,2,NA
1921,92,58,Generic AI,Female,ASO,ASO|--|92,0,0.42857142857142855,NA,NA,0,0,3,2.5,NA
1922,92,58,Tailored AI,Male,ASO,ASO|--|92,0,0.42857142857142855,NA,NA,0,0,3.75,3,NA
1923,2,58,Control,Male,ASO,ASO|--|2,0,0.14285714285714285,NA,NA,0,0,3.25,4,NA
1924,4,58,Control,Female,ASO,ASO|--|4,0,0.14285714285714285,NA,NA,0,0,2.5,2,NA
1925,158,58,Control,Male,ASO,ASO|--|158,0,0.8571428571428571,NA,NA,0,0,2.75,3,NA
1926,92,58,Tailored AI,Female,ASO,ASO|--|92,0,0.8571428571428571,NA,NA,0,0,3,2.5,NA
1927,92,58,Control,Female,ASO,ASO|--|92,0,0.5714285714285714,NA,NA,0,0,3.25,1.5,NA
1928,92,58,Control,Female,ASO,ASO|--|92,0,0.7142857142857143,NA,NA,0,0,3.5,4,NA
1929,99,58,Tailored AI,Female,ASO,ASO|--|99,0,0.7142857142857143,NA,NA,0,0,2.5,3,NA
1930,76,58,Control,Male,ASO,ASO|--|76,0,0.2857142857142857,NA,NA,0,0,2.25,2,NA
1931,92,58,Tailored AI,Female,ASO,ASO|--|92,0,0.8571428571428571,NA,NA,0,0,1.75,2,NA
1932,92,58,Tailored AI,Male,ASO,ASO|--|92,0,0.8571428571428571,NA,NA,0,0,2.5,3,NA
1933,92,58,Control,Male,ASO,ASO|--|92,0,0.7142857142857143,NA,NA,0,0,3.75,1.5,NA
1934,92,58,Generic AI,Female,ASO,ASO|--|92,0,0.2857142857142857,NA,NA,0,0,4,2,NA
1935,92,58,Control,Male,ASO,ASO|--|92,0,0.7142857142857143,NA,NA,0,0,3,1.5,NA
1936,92,58,Control,Female,ASO,ASO|--|92,0,0.7142857142857143,NA,NA,0,0,3,3,NA
1937,2,58,Generic AI,Female,ASO,ASO|--|2,0,0,NA,NA,0,0,NA,NA,NA
1938,92,58,Control,Female,TSO,TSO|--|92,0,0.7142857142857143,NA,NA,0,0,3.25,2,NA
1939,4,58,Tailored AI,Female,TSO,TSO|--|4,0,0.42857142857142855,0.7142857142857143,NA,1,0,2,2,2
1940,92,58,Control,Female,TSO,TSO|--|92,0,0.5714285714285714,NA,NA,0,0,4,2.5,NA
1941,92,58,Tailored AI,Female,TSO,TSO|--|92,0,0.7142857142857143,NA,NA,0,0,2.75,2.5,NA
1942,92,58,Tailored AI,Male,TSO,TSO|--|92,0,0.7142857142857143,NA,NA,0,0,2.5,3,NA
1943,9,58,Control,Male,TSO,TSO|--|9,0,0.7142857142857143,NA,NA,0,0,4,3,NA
1944,92,58,Control,Male,TSO,TSO|--|92,0,0,NA,NA,0,0,2.5,1.5,NA
1945,92,58,Tailored AI,Female,TSO,TSO|--|92,0,0.42857142857142855,NA,NA,0,0,2.25,2,NA
1946,101,58,Control,Female,TSO,TSO|--|101,0,0.5714285714285714,NA,NA,0,0,2.25,1.5,NA
1947,4,58,Generic AI,Male,TSO,TSO|--|4,0,0.7142857142857143,NA,NA,0,0,2.5,2.5,NA
1948,4,58,Generic AI,Female,TSO,TSO|--|4,0,0.8571428571428571,NA,NA,0,0,3.5,3.5,NA
1949,92,88,Control,Male,TSO,TSO|--|92,0,0,NA,NA,0,0,NA,NA,NA
1950,2,58,Control,Male,TSO,TSO|--|2,0,0.5714285714285714,NA,NA,0,0,2,4,NA
1951,92,58,Generic AI,Male,TSO,TSO|--|92,0,0.7142857142857143,NA,NA,0,0,2,2,NA
1952,221,14,Generic AI,Male,ASO,ASO|--|221,0,0.14285714285714285,NA,NA,0,0,3,3.5,NA
1953,326,18,Tailored AI,Female,Other,Other|--|326,0,0.7142857142857143,NA,NA,0,0,5,4,NA
1954,317,71,Tailored AI,Female,TSO,TSO|--|317,0,0,0.2857142857142857,NA,1,0,3,3,2.6666666666666665
1955,406,71,Generic AI,Male,TSO,TSO|--|406,0,0.14285714285714285,0.14285714285714285,NA,1,0,2.75,2.5,2.6666666666666665
1956,316,71,Tailored AI,Male,TSO,TSO|--|316,0,0.2857142857142857,0.42857142857142855,NA,1,0,2.5,3.5,5
1957,316,71,Tailored AI,Male,TSO,TSO|--|316,0,0.14285714285714285,0.5714285714285714,NA,1,0,3.5,3,3
1958,406,71,Control,Female,TSO,TSO|--|406,0,0.2857142857142857,0.14285714285714285,NA,1,0,2.75,2.5,1.3333333333333333
1959,316,71,Control,Male,TSO,TSO|--|316,0,0,0.42857142857142855,NA,1,0,2.75,2.5,2.6666666666666665
1960,316,71,Tailored AI,Female,TSO,TSO|--|316,0,0.14285714285714285,0.5714285714285714,NA,1,0,2.75,2.5,2.3333333333333335
1961,316,71,Control,Female,TSO,TSO|--|316,0,0.14285714285714285,0.42857142857142855,NA,1,0,2.75,2.5,1.3333333333333333
1962,438,71,Control,Male,TSO,TSO|--|438,0,0,0.14285714285714285,NA,1,0,2.5,2.5,2
1963,439,71,Control,Male,TSO,TSO|--|439,0,0.14285714285714285,0.2857142857142857,NA,1,0,5,5,4.333333333333333
1964,190,85,Generic AI,Male,ASO,ASO|--|190,0,0,NA,NA,0,0,NA,NA,NA
1965,217,8,Control,Male,TSO,TSO|--|217,0,0.2857142857142857,0.14285714285714285,NA,1,0,2.75,3,2
1966,217,8,Control,Male,TSO,TSO|--|217,0,0.2857142857142857,1,NA,1,0,3.25,5,3.3333333333333335
1967,217,8,Generic AI,Male,TSO,TSO|--|217,0,0.2857142857142857,0.42857142857142855,NA,1,0,3.5,1.5,1
1968,218,8,Control,Female,TSO,TSO|--|218,0,0.2857142857142857,NA,NA,0,0,2.75,4,NA
1969,217,8,Generic AI,Female,TSO,TSO|--|217,0,0.14285714285714285,NA,NA,0,0,2.5,2.5,NA
1970,217,8,Generic AI,Male,TSO,TSO|--|217,0,0.5714285714285714,0.14285714285714285,NA,1,0,3,4,4.333333333333333
1971,217,8,Generic AI,Female,TSO,TSO|--|217,0,0.14285714285714285,0.42857142857142855,NA,1,0,1.75,3.5,2.3333333333333335
1972,217,8,Control,Male,TSO,TSO|--|217,0,0.42857142857142855,1,NA,1,0,3.5,2.5,4.333333333333333
1973,217,8,Tailored AI,Male,TSO,TSO|--|217,0,0.42857142857142855,0.42857142857142855,NA,1,0,3.5,2.5,3
1974,217,8,Tailored AI,Female,TSO,TSO|--|217,0,0.42857142857142855,0.2857142857142857,NA,1,0,2.75,2.5,2.3333333333333335
1975,217,8,Control,Female,TSO,TSO|--|217,0,0.2857142857142857,0.8571428571428571,NA,1,0,2.5,4,3
1976,47,46,Tailored AI,Male,TSO,TSO|--|47,0,0.7142857142857143,NA,NA,0,0,2.5,2.5,NA
1977,335,46,Control,Male,ASO,ASO|--|335,0,0.7142857142857143,0.7142857142857143,NA,1,0,1.75,2.5,2.6666666666666665
1978,335,46,Generic AI,Male,ASO,ASO|--|335,0,0.7142857142857143,0.7142857142857143,NA,1,0,3,2.5,1
1979,335,46,Generic AI,Male,ASO,ASO|--|335,0,0.42857142857142855,0.14285714285714285,NA,1,0,5,5,2
1980,319,46,Tailored AI,Male,ASO,ASO|--|319,0,0.42857142857142855,0.5714285714285714,NA,1,0,2,3,3.6666666666666665
1981,412,46,Control,Male,TSO,TSO|--|412,0,0.8571428571428571,0.5714285714285714,NA,1,0,2.5,2.5,1.3333333333333333
1982,319,46,Generic AI,Male,ASO,ASO|--|319,0,0.5714285714285714,NA,NA,0,0,3.75,5,NA
1983,38,46,Tailored AI,Female,ASO,ASO|--|38,0,0.42857142857142855,0.7142857142857143,NA,1,0,3,3,2
1984,411,46,Control,Male,ASO,ASO|--|411,0,0.5714285714285714,0.8571428571428571,NA,1,0,4,4,3.6666666666666665
1985,335,46,Generic AI,Female,ASO,ASO|--|335,0,0.42857142857142855,0.7142857142857143,NA,1,0,2.5,2,1.3333333333333333
1986,320,46,Control,Male,ASO,ASO|--|320,0,0.5714285714285714,1,NA,1,0,2.75,2.5,2.3333333333333335
1987,398,69,Control,Male,TSO,TSO|--|398,0,0,NA,NA,0,0,2,3,NA
1988,313,69,Control,Male,TSO,TSO|--|313,0,0.14285714285714285,NA,NA,0,0,3.25,1.5,NA
1989,398,69,Tailored AI,Male,TSO,TSO|--|398,0,0,NA,NA,0,0,2.75,3,NA
1990,398,69,Tailored AI,Male,TSO,TSO|--|398,0,0,NA,NA,0,0,2,2,NA
1991,398,69,Tailored AI,Male,TSO,TSO|--|398,0,0,NA,NA,0,0,2,2,NA
1992,398,69,Tailored AI,Male,TSO,TSO|--|398,0,0.2857142857142857,0.14285714285714285,NA,1,0,2.5,2.5,2
1993,398,69,Control,Female,TSO,TSO|--|398,0,0,NA,NA,0,0,1.75,2.5,NA
1994,398,69,Generic AI,Male,TSO,TSO|--|398,0,0.2857142857142857,NA,NA,0,0,2,3,NA
1995,398,69,Generic AI,Female,TSO,TSO|--|398,0,0,NA,NA,0,0,2,2,NA
1996,398,69,Control,Male,TSO,TSO|--|398,0,0.5714285714285714,NA,NA,0,0,2.5,2,NA
1997,313,69,Control,Female,TSO,TSO|--|313,0,0,NA,NA,0,0,2.5,2.5,NA
1998,313,69,Control,Male,TSO,TSO|--|313,0,0.2857142857142857,NA,NA,0,0,2.5,3,NA
1999,220,14,Tailored AI,Male,ASO,ASO|--|220,0,0.2857142857142857,0.14285714285714285,NA,1,0,4,5,NA
2000,220,14,Tailored AI,Male,ASO,ASO|--|220,0,0.5714285714285714,NA,NA,0,0,3.5,3,NA
2001,221,14,Tailored AI,Male,ASO,ASO|--|221,0,0.42857142857142855,NA,NA,0,0,2.25,3,NA
2002,221,14,Control,Female,ASO,ASO|--|221,0,0.42857142857142855,0.8571428571428571,NA,1,0,3.5,2,2
2003,221,14,Tailored AI,Male,ASO,ASO|--|221,0,0.2857142857142857,0.42857142857142855,NA,1,0,4.5,5,3.3333333333333335
2004,221,14,Control,Female,ASO,ASO|--|221,0,0.42857142857142855,0.5714285714285714,NA,1,0,3.25,2.5,2.6666666666666665
2005,221,14,Control,Male,ASO,ASO|--|221,0,0.2857142857142857,0.5714285714285714,NA,1,0,3.25,4,1
2006,222,14,Tailored AI,Male,ASO,ASO|--|222,0,0.5714285714285714,0.7142857142857143,0.7142857142857143,1,1,3.5,3,2
2007,221,14,Generic AI,Male,ASO,ASO|--|221,0,0.42857142857142855,0.8571428571428571,NA,1,0,2.5,4,2
2008,220,14,Control,Male,ASO,ASO|--|220,0,0.2857142857142857,0.42857142857142855,NA,1,0,2.5,2.5,2.3333333333333335
2009,312,69,Tailored AI,Male,TSO,TSO|--|312,0,0,NA,NA,0,0,2.5,3,NA
2010,313,69,Control,Female,Other,Other|--|313,0,0.2857142857142857,NA,NA,0,0,3.5,4,NA
2011,337,69,Tailored AI,Male,TSO,TSO|--|337,0,0.2857142857142857,NA,NA,0,0,2,2,NA
2012,190,80,Generic AI,Female,ASO,ASO|--|190,0,0.42857142857142855,NA,NA,0,0,3.25,2.5,NA
2013,78,35,Tailored AI,Female,ASO,ASO|--|78,0,0.14285714285714285,0.8571428571428571,NA,1,0,3,2.5,2.6666666666666665
2014,78,35,Generic AI,Female,TSO,TSO|--|78,0,0.42857142857142855,NA,NA,0,0,4.5,3.5,NA
2015,102,35,Control,Female,ASO,ASO|--|102,0,0.2857142857142857,1,NA,1,0,2.25,2.5,1.6666666666666667
2016,78,35,Tailored AI,Female,ASO,ASO|--|78,0,0.14285714285714285,0.8571428571428571,NA,1,0,2.25,1.5,2
2017,2,35,Tailored AI,Male,ASO,ASO|--|2,0,0.42857142857142855,0.8571428571428571,NA,1,0,2.25,2.5,3
2018,78,35,Control,Female,ASO,ASO|--|78,0,0.14285714285714285,NA,NA,0,0,2.5,2.5,NA
2019,7,35,Control,Male,ASO,ASO|--|7,0,0.42857142857142855,0.8571428571428571,NA,1,0,4,4,1.3333333333333333
2020,105,35,Tailored AI,Female,TSO,TSO|--|105,0,0,0.42857142857142855,NA,1,0,3.25,1.5,1.6666666666666667
2021,91,35,Tailored AI,Male,ASO,ASO|--|91,0,0,NA,NA,0,0,2.25,2.5,NA
2022,216,14,Control,Female,ASO,ASO|--|216,0,0.14285714285714285,NA,NA,0,0,4,2.5,NA
2023,215,14,Generic AI,Female,ASO,ASO|--|215,0,0,NA,NA,0,0,2.75,1.5,NA
2024,145,14,Control,Female,ASO,ASO|--|145,0,0,NA,NA,0,0,2.75,3,NA
2025,145,14,Tailored AI,Female,ASO,ASO|--|145,0,0,NA,NA,0,0,3.5,2.5,NA
2026,184,14,Generic AI,Female,ASO,ASO|--|184,0,0,NA,NA,0,0,2.25,1.5,NA
2027,145,14,Tailored AI,Male,ASO,ASO|--|145,0,0.2857142857142857,0.42857142857142855,NA,1,0,2.5,2,NA
2028,184,5,Control,Female,ASO,ASO|--|184,0,0.14285714285714285,NA,NA,0,0,2.5,2.5,NA
2029,145,14,Tailored AI,Female,ASO,ASO|--|145,0,0,0.2857142857142857,NA,1,0,2.5,3,3
2030,215,14,Control,Male,ASO,ASO|--|215,0,0.2857142857142857,NA,NA,0,0,2.25,4,NA
2031,145,14,Generic AI,Female,ASO,ASO|--|145,0,0.14285714285714285,NA,NA,0,0,2,2.5,NA
2032,216,14,Tailored AI,Male,ASO,ASO|--|216,0,0.2857142857142857,0.8571428571428571,NA,1,0,3.5,3,1.3333333333333333
2033,145,14,Tailored AI,Male,ASO,ASO|--|145,0,0,0.7142857142857143,1,1,1,3.25,3,3.6666666666666665
2034,145,14,Control,Female,ASO,ASO|--|145,0,0,NA,NA,0,0,3.25,3.5,NA
2035,145,14,Tailored AI,Female,ASO,ASO|--|145,0,0.14285714285714285,NA,NA,0,0,2,2.5,NA
2036,145,14,Tailored AI,Male,ASO,ASO|--|145,0,0.14285714285714285,NA,NA,0,0,2,2.5,NA
2037,145,14,Generic AI,Male,ASO,ASO|--|145,0,0.8571428571428571,0.42857142857142855,NA,1,0,2.5,2,2
2038,145,14,Tailored AI,Female,ASO,ASO|--|145,0,0.14285714285714285,NA,NA,0,0,3.25,2.5,NA
2039,430,67,Control,Male,ASO,ASO|--|430,0,0,NA,NA,0,0,NA,NA,NA
2040,220,14,Tailored AI,Male,ASO,ASO|--|220,0,0.5714285714285714,0.7142857142857143,NA,1,0,2.75,3,3
2041,220,14,Generic AI,Male,ASO,ASO|--|220,0,0.2857142857142857,1,NA,1,0,2.25,3,3
2042,47,46,Generic AI,Male,ASO,ASO|--|47,0,0.7142857142857143,1,NA,1,0,2,2,3
2043,319,46,Control,Male,ASO,ASO|--|319,0,0.5714285714285714,0.8571428571428571,NA,1,0,3.25,3,2
2044,214,41,Tailored AI,Female,ASO,ASO|--|214,0,0,NA,NA,0,0,2.75,1.5,NA
2045,216,41,Generic AI,Male,ASO,ASO|--|216,0,0,NA,NA,0,0,2.75,2,NA
2046,145,41,Control,Female,ASO,ASO|--|145,0,0.2857142857142857,NA,NA,0,0,1.75,1.5,NA
2047,145,41,Control,Male,ASO,ASO|--|145,0,0.14285714285714285,NA,NA,0,0,3.5,4,NA
2048,145,41,Tailored AI,Male,ASO,ASO|--|145,0,0.42857142857142855,0.8571428571428571,NA,1,0,3.25,3,2.6666666666666665
2049,215,41,Generic AI,Male,ASO,ASO|--|215,0,0.2857142857142857,NA,NA,0,0,2,4,NA
2050,145,41,Control,Female,ASO,ASO|--|145,0,0.2857142857142857,NA,NA,0,0,2.75,2,NA
2051,216,41,Tailored AI,Female,ASO,ASO|--|216,0,0.2857142857142857,NA,NA,0,0,2.25,2.5,NA
2052,216,41,Tailored AI,Female,ASO,ASO|--|216,0,0.14285714285714285,NA,NA,0,0,2.75,2,NA
2053,214,41,Tailored AI,Male,ASO,ASO|--|214,0,0.2857142857142857,NA,NA,0,0,5,5,NA
2054,145,41,Generic AI,Male,ASO,ASO|--|145,0,0.14285714285714285,NA,NA,0,0,2,2,NA
2055,216,41,Generic AI,Female,ASO,ASO|--|216,0,0.2857142857142857,NA,NA,0,0,3.25,2,NA
2056,145,41,Tailored AI,Female,ASO,ASO|--|145,0,0,NA,NA,0,0,2.75,1.5,NA
2057,145,41,Control,Female,ASO,ASO|--|145,0,0.2857142857142857,NA,NA,0,0,4,3,NA
2058,216,41,Generic AI,Male,ASO,ASO|--|216,0,0.2857142857142857,NA,NA,0,0,3,2.5,NA
2059,145,41,Tailored AI,Female,ASO,ASO|--|145,0,0.42857142857142855,NA,NA,0,0,3.75,4,NA
2060,216,41,Control,Female,ASO,ASO|--|216,0,0.14285714285714285,NA,NA,0,0,1.75,3,NA
2061,145,41,Generic AI,Male,ASO,ASO|--|145,0,0.42857142857142855,NA,NA,0,0,3.5,3,NA
2062,216,41,Tailored AI,Male,ASO,ASO|--|216,0,0.2857142857142857,NA,NA,0,0,2.25,2,NA
2063,216,41,Generic AI,Female,ASO,ASO|--|216,0,0.14285714285714285,NA,NA,0,0,3.25,4,NA
2064,145,41,Control,Female,ASO,ASO|--|145,0,0.14285714285714285,NA,NA,0,0,3,3,NA
2065,145,41,Generic AI,Female,ASO,ASO|--|145,0,0.42857142857142855,NA,NA,0,0,3.25,3.5,NA
2066,24,36,Control,Male,TSO,TSO|--|24,0,0.5714285714285714,NA,NA,0,0,2.5,2,NA
2067,22,80,Control,Female,TSO,TSO|--|22,0,0.14285714285714285,NA,NA,0,0,2.75,2.5,NA
2068,20,36,Tailored AI,Female,TSO,TSO|--|20,0,0.5714285714285714,NA,NA,0,0,2,2,NA
2069,22,36,Generic AI,Female,TSO,TSO|--|22,0,0.8571428571428571,NA,NA,0,0,2.5,2.5,NA
2070,460,6,Generic AI,Female,ASO,ASO|--|460,0,0,NA,NA,0,0,NA,NA,NA
2071,193,91,Generic AI,Male,TSO,TSO|--|193,0,0,NA,NA,0,0,NA,NA,NA
2072,113,71,Generic AI,Female,TSO,TSO|--|113,0,0.14285714285714285,0.2857142857142857,NA,1,0,3.25,3.5,4
2073,111,14,Generic AI,Male,TSO,TSO|--|111,0,0.7142857142857143,NA,NA,0,0,2,2,NA
2074,30,71,Generic AI,Male,TSO,TSO|--|30,0,0.14285714285714285,NA,NA,0,0,3,2.5,NA
2075,112,71,Tailored AI,Male,TSO,TSO|--|112,0,0.8571428571428571,0.8571428571428571,NA,1,0,2.5,2.5,2
2076,30,71,Tailored AI,Male,TSO,TSO|--|30,0,0.42857142857142855,0.7142857142857143,NA,1,0,2.5,2,3
2077,111,14,Control,Male,TSO,TSO|--|111,0,0.2857142857142857,NA,NA,0,0,3.25,2,NA
2078,111,14,Control,Male,TSO,TSO|--|111,0,0.14285714285714285,NA,NA,0,0,2.5,3,NA
2079,112,71,Generic AI,Male,TSO,TSO|--|112,0,0.2857142857142857,NA,NA,0,0,2.5,3,NA
2080,422,69,Tailored AI,Male,TSO,TSO|--|422,0,0.2857142857142857,0.5714285714285714,0.7142857142857143,1,1,1.75,2,2.6666666666666665
2081,398,69,Control,Male,TSO,TSO|--|398,0,0.2857142857142857,NA,NA,0,0,4,2,NA
2082,398,69,Control,Male,TSO,TSO|--|398,0,0,NA,NA,0,0,4.25,2.5,NA
2083,398,69,Tailored AI,Male,TSO,TSO|--|398,0,0.2857142857142857,0.7142857142857143,NA,1,0,1.5,1.5,3.6666666666666665
2084,398,69,Control,Male,TSO,TSO|--|398,0,0.14285714285714285,NA,NA,0,0,3.75,4,NA
2085,398,69,Tailored AI,Male,TSO,TSO|--|398,0,0.14285714285714285,1,NA,1,0,3.75,4,4.333333333333333
2086,313,69,Generic AI,Male,TSO,TSO|--|313,0,0,NA,NA,0,0,3.25,3,NA
2087,398,69,Generic AI,Female,TSO,TSO|--|398,0,0.14285714285714285,NA,NA,0,0,2.5,2,NA
2088,330,69,Tailored AI,Male,TSO,TSO|--|330,0,0,0.42857142857142855,NA,1,0,1.5,2.5,1.3333333333333333
2089,398,69,Tailored AI,Male,TSO,TSO|--|398,0,0.2857142857142857,0.42857142857142855,NA,1,0,2.25,2,3
2090,459,8,Control,Female,ASO,ASO|--|459,0,0,NA,NA,0,0,NA,NA,NA
2091,465,8,Tailored AI,Female,ASO,ASO|--|465,0,0,NA,NA,0,0,2.5,2,NA
2092,460,8,Generic AI,Female,ASO,ASO|--|460,0,0.14285714285714285,NA,NA,0,0,3.25,2.5,NA
2093,461,8,Generic AI,Female,ASO,ASO|--|461,0,0.14285714285714285,NA,NA,0,0,3,2,NA
2094,464,8,Control,Female,ASO,ASO|--|464,0,0.14285714285714285,NA,NA,0,0,3.75,4,NA
2095,464,8,Tailored AI,Female,ASO,ASO|--|464,0,0.2857142857142857,NA,NA,0,0,2.75,2,NA
2096,460,8,Generic AI,Male,ASO,ASO|--|460,0,0.14285714285714285,NA,NA,0,0,2.5,3.5,NA
2097,460,8,Control,Male,ASO,ASO|--|460,0,0,NA,NA,0,0,3.5,2.5,NA
2098,460,8,Generic AI,Male,ASO,ASO|--|460,0,0.2857142857142857,NA,NA,0,0,2.25,3,NA
2099,460,8,Control,Female,ASO,ASO|--|460,0,0.14285714285714285,NA,NA,0,0,2.25,2.5,NA
2100,460,8,Generic AI,Female,ASO,ASO|--|460,0,0.14285714285714285,NA,NA,0,0,2.5,3.5,NA
2101,460,8,Control,Male,ASO,ASO|--|460,0,0.14285714285714285,NA,NA,0,0,1.75,2.5,NA
2102,460,8,Control,Male,ASO,ASO|--|460,0,0.2857142857142857,NA,NA,0,0,1.75,3,NA
2103,460,8,Generic AI,Male,ASO,ASO|--|460,0,0.5714285714285714,NA,NA,0,0,2.75,2.5,NA
2104,460,8,Generic AI,Male,ASO,ASO|--|460,0,0.14285714285714285,NA,NA,0,0,2.75,2.5,NA
2105,220,14,Control,Female,ASO,ASO|--|220,0,0.2857142857142857,0.42857142857142855,NA,1,0,3.25,2.5,1.3333333333333333
2106,222,14,Generic AI,Male,ASO,ASO|--|222,0,0.8571428571428571,NA,NA,0,0,3.5,2.5,NA
2107,220,14,Generic AI,Male,ASO,ASO|--|220,0,0.42857142857142855,NA,NA,0,0,2,3.5,NA
2108,460,8,Tailored AI,Male,ASO,ASO|--|460,0,0.2857142857142857,0.5714285714285714,NA,1,0,2.5,4,2.6666666666666665
2109,460,8,Generic AI,Male,ASO,ASO|--|460,0,0.14285714285714285,NA,NA,0,0,2.5,3,NA
2110,460,8,Generic AI,Male,ASO,ASO|--|460,0,0.2857142857142857,NA,NA,0,0,3.5,2,NA
2111,460,8,Generic AI,Male,ASO,ASO|--|460,0,0.2857142857142857,NA,NA,0,0,2.75,2.5,NA
2112,460,8,Control,Female,ASO,ASO|--|460,0,0.42857142857142855,NA,NA,0,0,3,2.5,NA
2113,466,8,Tailored AI,Male,ASO,ASO|--|466,0,0.5714285714285714,0.5714285714285714,NA,1,0,3,2.5,2
2114,460,8,Tailored AI,Female,ASO,ASO|--|460,0,0.14285714285714285,0.7142857142857143,NA,1,0,1.75,2,2
2115,460,8,Tailored AI,Female,ASO,ASO|--|460,0,0.5714285714285714,0.5714285714285714,NA,1,0,1.75,2,2
2116,460,8,Tailored AI,Female,ASO,ASO|--|460,0,0.42857142857142855,0.7142857142857143,NA,1,0,2,2,2
2117,460,8,Generic AI,Other,ASO,ASO|--|460,0,0.14285714285714285,NA,NA,0,0,1.75,1.5,NA
2118,460,8,Generic AI,Male,ASO,ASO|--|460,0,0.42857142857142855,NA,NA,0,0,2,2,NA
2119,464,8,Generic AI,Female,ASO,ASO|--|464,0,0.2857142857142857,NA,NA,0,0,4.5,2.5,NA
2120,461,8,Control,Male,ASO,ASO|--|461,0,0.14285714285714285,NA,NA,0,0,3,3,NA
2121,460,8,Control,Male,ASO,ASO|--|460,0,0,NA,NA,0,0,2.75,2.5,NA
2122,460,8,Generic AI,Female,ASO,ASO|--|460,0,0.42857142857142855,NA,NA,0,0,3,3,NA
2123,462,8,Tailored AI,Male,ASO,ASO|--|462,0,0.42857142857142855,NA,NA,0,0,2.5,5,NA
2124,111,14,Tailored AI,Male,TSO,TSO|--|111,0,0.5714285714285714,0.5714285714285714,NA,1,0,2.25,3,2.3333333333333335
2125,30,71,Generic AI,Male,TSO,TSO|--|30,0,0.42857142857142855,NA,NA,0,0,2.25,2,NA
2126,30,14,Generic AI,Male,TSO,TSO|--|30,0,0.2857142857142857,NA,NA,0,0,2.5,2.5,NA
2127,111,71,Control,Male,TSO,TSO|--|111,0,0.42857142857142855,0.14285714285714285,NA,1,0,2.5,2,2
2128,30,71,Control,Male,TSO,TSO|--|30,0,0.7142857142857143,NA,NA,0,0,3.5,4,NA
2129,30,14,Control,Male,TSO,TSO|--|30,0,0.14285714285714285,NA,NA,0,0,1.5,1.5,NA
2130,30,14,Control,Male,TSO,TSO|--|30,0,0.7142857142857143,NA,NA,0,0,3.25,2.5,NA
2131,111,14,Generic AI,Male,TSO,TSO|--|111,0,0.8571428571428571,NA,NA,0,0,3,2,NA
2132,52,14,Control,Male,TSO,TSO|--|52,0,0.14285714285714285,NA,NA,0,0,2.75,2.5,NA
2133,111,94,Control,Male,TSO,TSO|--|111,0,0.2857142857142857,NA,NA,0,0,3,2.5,NA
2134,111,71,Tailored AI,Male,TSO,TSO|--|111,0,0.5714285714285714,0.8571428571428571,NA,1,0,3,2.5,2.3333333333333335
2135,111,71,Generic AI,Other,TSO,TSO|--|111,0,0,0.14285714285714285,NA,1,0,2.25,5,3
2136,53,71,Generic AI,Male,TSO,TSO|--|53,0,0.5714285714285714,NA,NA,0,0,3,3,NA
2137,52,71,Generic AI,Male,TSO,TSO|--|52,0,0.42857142857142855,0.14285714285714285,NA,1,0,2.75,2.5,2
2138,220,14,Tailored AI,Male,ASO,ASO|--|220,0,0.2857142857142857,0.2857142857142857,NA,1,0,2.75,3,2.6666666666666665
2139,146,81,Tailored AI,Male,ASO,ASO|--|146,0,0.2857142857142857,NA,NA,0,0,2.75,1.5,NA
2140,141,81,Generic AI,Male,ASO,ASO|--|141,0,0,NA,NA,0,0,2.5,2.5,NA
2141,110,69,Tailored AI,Male,ASO,ASO|--|110,0,0.14285714285714285,0.5714285714285714,NA,1,0,3.25,2.5,NA
2142,108,69,Tailored AI,Male,ASO,ASO|--|108,0,0.7142857142857143,0.8571428571428571,NA,1,0,2.25,3,NA
2143,110,69,Tailored AI,Male,ASO,ASO|--|110,0,0.5714285714285714,NA,NA,0,0,4,5,NA
2144,110,69,Tailored AI,Female,ASO,ASO|--|110,0,0.2857142857142857,NA,NA,0,0,2.75,3,NA
2145,108,69,Generic AI,Female,ASO,ASO|--|108,0,0.5714285714285714,NA,NA,0,0,3.5,4,NA
2146,110,69,Tailored AI,Female,ASO,ASO|--|110,0,0.2857142857142857,NA,NA,0,0,2,2.5,NA
2147,110,69,Tailored AI,Female,ASO,ASO|--|110,0,0.14285714285714285,NA,NA,0,0,3.25,2.5,NA
2148,108,69,Control,Female,ASO,ASO|--|108,0,0.14285714285714285,NA,NA,0,0,3.5,2,NA
2149,108,69,Tailored AI,Male,ASO,ASO|--|108,0,0.42857142857142855,NA,NA,0,0,2.5,4,NA
2150,108,69,Generic AI,Male,ASO,ASO|--|108,0,0.42857142857142855,NA,NA,0,0,2.25,3.5,NA
2151,110,69,Generic AI,Female,ASO,ASO|--|110,0,0.2857142857142857,NA,NA,0,0,4.5,5,NA
2152,110,69,Tailored AI,Male,ASO,ASO|--|110,0,0.42857142857142855,NA,NA,0,0,3.25,2.5,NA
2153,108,69,Generic AI,Female,ASO,ASO|--|108,0,0.42857142857142855,NA,NA,0,0,4,4,NA
2154,108,69,Generic AI,Male,ASO,ASO|--|108,0,0.14285714285714285,NA,NA,0,0,3,2,NA
2155,108,69,Control,Male,ASO,ASO|--|108,0,0.42857142857142855,NA,NA,0,0,2.75,3,NA
2156,110,69,Generic AI,Male,ASO,ASO|--|110,0,0.5714285714285714,NA,NA,0,0,3.5,3,NA
2157,219,69,Generic AI,Other,Other,Other|--|219,0,0,NA,NA,0,0,2.75,2,NA
2158,110,69,Generic AI,Male,ASO,ASO|--|110,0,0.5714285714285714,NA,NA,0,0,3,4,NA
2159,98,35,Generic AI,Female,TSO,TSO|--|98,0,0.2857142857142857,NA,NA,0,0,3.25,2,NA
2160,152,80,Generic AI,Male,ASO,ASO|--|152,0,0.5714285714285714,0.8571428571428571,NA,1,0,3,2.5,3
2161,151,80,Tailored AI,Female,ASO,ASO|--|151,0,0.8571428571428571,0.8571428571428571,NA,1,0,2.5,2.5,2.6666666666666665
2162,151,80,Control,Female,ASO,ASO|--|151,0,0.42857142857142855,0.5714285714285714,NA,1,0,3.75,3,3.3333333333333335
2163,152,80,Control,Female,ASO,ASO|--|152,0,0.42857142857142855,NA,NA,0,0,2,2.5,NA
2164,152,80,Generic AI,Female,ASO,ASO|--|152,0,0.14285714285714285,0.7142857142857143,NA,1,0,3.5,2,2.3333333333333335
2165,151,80,Control,Male,ASO,ASO|--|151,0,0.5714285714285714,0.5714285714285714,NA,1,0,3,3,2.6666666666666665
2166,151,80,Generic AI,Male,ASO,ASO|--|151,0,0.2857142857142857,NA,NA,0,0,3.5,3.5,NA
2167,296,35,Generic AI,Male,TSO,TSO|--|296,0,0.14285714285714285,NA,NA,0,0,2,2,NA
2168,460,8,Generic AI,Male,ASO,ASO|--|460,0,0.7142857142857143,NA,NA,0,0,2.25,3,NA
2169,465,8,Tailored AI,Female,ASO,ASO|--|465,0,0.2857142857142857,NA,NA,0,0,2.25,2.5,NA
2170,460,8,Control,Male,ASO,ASO|--|460,0,0.5714285714285714,NA,NA,0,0,2,2.5,NA
2171,460,8,Control,Female,ASO,ASO|--|460,0,0,NA,NA,0,0,3.5,4,NA
2172,322,25,Tailored AI,Male,ASO,ASO|--|322,0,0.5714285714285714,NA,NA,0,0,5,5,NA
2173,349,25,Generic AI,Male,ASO,ASO|--|349,0,0.5714285714285714,0.7142857142857143,0.7142857142857143,1,1,2,2,3
2174,460,8,Control,Male,ASO,ASO|--|460,0,0.7142857142857143,NA,NA,0,0,2.5,2,NA
2175,463,8,Tailored AI,Male,ASO,ASO|--|463,0,0.14285714285714285,NA,NA,0,0,2.25,2,NA
2176,460,8,Control,Male,ASO,ASO|--|460,0,0.2857142857142857,NA,NA,0,0,3,3,NA
2177,460,8,Control,Male,ASO,ASO|--|460,0,0.42857142857142855,NA,NA,0,0,2,2,NA
2178,196,81,Control,Female,TSO,TSO|--|196,0,0.14285714285714285,NA,NA,0,0,3.5,2.5,NA
2179,171,81,Generic AI,Female,TSO,TSO|--|171,0,0.14285714285714285,NA,NA,0,0,2.75,2,NA
2180,169,71,Generic AI,Female,TSO,TSO|--|169,0,0,NA,NA,0,0,2.25,1,NA
2181,175,81,Generic AI,Male,TSO,TSO|--|175,0,0,NA,NA,0,0,2,2,NA
2182,169,81,Control,Female,TSO,TSO|--|169,0,0,NA,NA,0,0,2.75,2,NA
2183,196,81,Generic AI,Female,TSO,TSO|--|196,0,0,0.7142857142857143,NA,1,0,5,3,2.3333333333333335
2184,196,81,Generic AI,Female,TSO,TSO|--|196,0,0.42857142857142855,NA,NA,0,0,3.25,2,NA
2185,196,81,Control,Female,TSO,TSO|--|196,0,0,NA,NA,0,0,2.5,2.5,NA
2186,169,81,Tailored AI,Female,TSO,TSO|--|169,0,0.7142857142857143,1,NA,1,0,3.75,2.5,2.3333333333333335
2187,169,81,Tailored AI,Female,TSO,TSO|--|169,0,0,NA,NA,0,0,2.25,2,NA
2188,196,81,Tailored AI,Female,TSO,TSO|--|196,0,0,0.5714285714285714,NA,1,0,1.75,2.5,1.6666666666666667
2189,168,81,Generic AI,Female,TSO,TSO|--|168,0,0.5714285714285714,NA,NA,0,0,2.5,2.5,NA
2190,169,81,Generic AI,Female,TSO,TSO|--|169,0,0.2857142857142857,NA,NA,0,0,3.5,3,NA
2191,196,81,Control,Female,TSO,TSO|--|196,0,0.2857142857142857,NA,NA,0,0,3,3,NA
2192,173,81,Tailored AI,Female,TSO,TSO|--|173,0,0,0.7142857142857143,NA,1,0,3.5,3,3
2193,196,81,Control,Female,TSO,TSO|--|196,0,0.42857142857142855,NA,NA,0,0,2.5,2.5,NA
2194,196,81,Generic AI,Female,TSO,TSO|--|196,0,0,NA,NA,0,0,2.25,3,NA
2195,172,81,Control,Female,TSO,TSO|--|172,0,0.2857142857142857,NA,NA,0,0,2.25,3,NA
2196,169,81,Generic AI,Female,TSO,TSO|--|169,0,0,NA,NA,0,0,4,3,NA
2197,169,81,Control,Male,TSO,TSO|--|169,0,0.14285714285714285,NA,NA,0,0,2,3.5,NA
2198,169,81,Generic AI,Male,TSO,TSO|--|169,0,0,NA,NA,0,0,2.75,1.5,NA
2199,169,81,Tailored AI,Female,TSO,TSO|--|169,0,0.7142857142857143,NA,NA,0,0,5,3,NA
2200,151,30,Tailored AI,Female,ASO,ASO|--|151,0,0.42857142857142855,0.7142857142857143,NA,1,0,2.25,2.5,2
2201,22,69,Control,Female,TSO,TSO|--|22,0,0.5714285714285714,NA,NA,0,0,2.25,1.5,NA
2202,169,81,Control,Male,TSO,TSO|--|169,0,0.2857142857142857,NA,NA,0,0,2,2.5,NA
2203,151,80,Tailored AI,Male,TSO,TSO|--|151,0,0.8571428571428571,NA,NA,0,0,3.75,1,NA
2204,152,80,Tailored AI,Female,TSO,TSO|--|152,0,0.42857142857142855,NA,NA,0,0,2.25,3,NA
2205,174,81,Control,Female,TSO,TSO|--|174,0,0.5714285714285714,0.8571428571428571,NA,1,0,3,3,2
2206,196,81,Control,Male,TSO,TSO|--|196,0,0.2857142857142857,NA,NA,0,0,2.25,2,NA
2207,172,81,Control,Female,TSO,TSO|--|172,0,0.14285714285714285,0.7142857142857143,NA,1,0,2.5,4,2.3333333333333335
2208,169,81,Generic AI,Male,TSO,TSO|--|169,0,0.42857142857142855,NA,NA,0,0,2.5,2,NA
2209,169,81,Tailored AI,Female,TSO,TSO|--|169,0,0.2857142857142857,0.7142857142857143,NA,1,0,3.5,2.5,3
2210,169,81,Control,Male,TSO,TSO|--|169,0,0.7142857142857143,NA,NA,0,0,3,1.5,NA
2211,152,80,Control,Female,TSO,TSO|--|152,0,0.42857142857142855,NA,NA,0,0,NA,NA,NA
2212,170,81,Control,Male,TSO,TSO|--|170,0,0.7142857142857143,0.8571428571428571,NA,1,0,4,3,1
2213,169,81,Generic AI,Female,TSO,TSO|--|169,0,0.14285714285714285,0.5714285714285714,NA,1,0,3,3,2.6666666666666665
2214,172,81,Generic AI,Male,TSO,TSO|--|172,0,0.14285714285714285,NA,NA,0,0,2,2,NA
2215,169,81,Tailored AI,Male,TSO,TSO|--|169,0,0.7142857142857143,NA,NA,0,0,2.25,3,NA
2216,413,81,Generic AI,Male,TSO,TSO|--|413,0,0,NA,NA,0,0,2,2,NA
2217,151,80,Tailored AI,Female,ASO,ASO|--|151,0,0.5714285714285714,NA,NA,0,0,2,2,NA
2218,172,81,Tailored AI,Male,TSO,TSO|--|172,0,0.14285714285714285,NA,NA,0,0,2,2,NA
2219,151,80,Control,Male,ASO,ASO|--|151,0,0.7142857142857143,NA,NA,0,0,3,2.5,NA
2220,152,30,Generic AI,Female,TSO,TSO|--|152,0,0.42857142857142855,0.5714285714285714,NA,1,0,2.25,1,2.6666666666666665
2221,152,80,Tailored AI,Female,BSO,BSO|--|152,0,0.42857142857142855,NA,NA,0,0,2.75,2,NA
2222,220,23,Tailored AI,Female,ASO,ASO|--|220,0,0.5714285714285714,NA,NA,0,0,2.75,2,NA
2223,188,80,Generic AI,Male,ASO,ASO|--|188,0,0.2857142857142857,NA,NA,0,0,2.75,3.5,NA
2224,190,85,Control,Male,ASO,ASO|--|190,0,0.5714285714285714,NA,NA,0,0,2,2,NA
2225,190,85,Control,Male,ASO,ASO|--|190,0,0.14285714285714285,NA,NA,0,0,1.75,2.5,NA
2226,188,80,Tailored AI,Male,ASO,ASO|--|188,0,0.5714285714285714,NA,NA,0,0,2,2,NA
2227,190,85,Control,Male,ASO,ASO|--|190,0,0,NA,NA,0,0,2,2,NA
2228,188,80,Tailored AI,Female,ASO,ASO|--|188,0,0,NA,NA,0,0,NA,NA,NA
2229,188,80,Generic AI,Male,ASO,ASO|--|188,0,0,NA,NA,0,0,2,2,NA
2230,190,80,Control,Female,ASO,ASO|--|190,0,0,NA,NA,0,0,5,5,NA
2231,190,80,Control,Male,ASO,ASO|--|190,0,0,NA,NA,0,0,NA,NA,NA
2232,188,80,Tailored AI,Female,ASO,ASO|--|188,0,0.14285714285714285,NA,NA,0,0,1.25,2.5,NA
2233,189,80,Control,Female,ASO,ASO|--|189,0,0,NA,NA,0,0,NA,NA,NA
2234,4,20,Generic AI,Female,ASO,ASO|--|4,0,0.8571428571428571,NA,NA,0,0,2.75,1.5,NA
2235,346,44,Tailored AI,Female,TSO,TSO|--|346,0,0.7142857142857143,NA,NA,0,0,3.25,3,NA
2236,270,44,Control,Male,TSO,TSO|--|270,0,0.7142857142857143,NA,NA,0,0,3.5,4,NA
2237,270,44,Generic AI,Male,ASO,ASO|--|270,0,0.7142857142857143,0.8571428571428571,NA,1,0,4.5,4,3.6666666666666665
2238,346,44,Tailored AI,Male,TSO,TSO|--|346,0,0.5714285714285714,1,NA,1,0,3,3,2.6666666666666665
2239,346,44,Tailored AI,Female,ASO,ASO|--|346,0,0.5714285714285714,NA,NA,0,0,2.25,1.5,NA
2240,347,44,Control,Male,ASO,ASO|--|347,0,0.5714285714285714,NA,NA,0,0,3,2.5,NA
2241,270,44,Control,Female,ASO,ASO|--|270,0,0.42857142857142855,NA,NA,0,0,1.75,3,NA
2242,346,44,Tailored AI,Male,ASO,ASO|--|346,0,0.5714285714285714,NA,NA,0,0,3.25,3,NA
2243,347,44,Tailored AI,Male,ASO,ASO|--|347,0,0.2857142857142857,NA,NA,0,0,2.5,2.5,NA
2244,346,44,Control,Male,TSO,TSO|--|346,0,0.14285714285714285,0.7142857142857143,NA,1,0,3.5,3,3.6666666666666665
2245,346,44,Control,Female,TSO,TSO|--|346,0,0.5714285714285714,1,NA,1,0,2.25,3,5
2246,346,44,Control,Female,ASO,ASO|--|346,0,0.7142857142857143,0.8571428571428571,NA,1,0,3.25,2.5,3.6666666666666665
2247,92,58,Generic AI,Female,TSO,TSO|--|92,0,0.8571428571428571,NA,NA,0,0,2,2.5,NA
2248,78,92,Control,Female,TSO,TSO|--|78,0,0,NA,NA,0,0,2.75,2,NA
2249,132,73,Generic AI,Male,TSO,TSO|--|132,0,0.2857142857142857,NA,NA,0,0,3,3,NA
2250,116,73,Tailored AI,Male,ASO,ASO|--|116,0,0,NA,NA,0,0,2,2,NA
2251,131,73,Tailored AI,Male,ASO,ASO|--|131,0,0.2857142857142857,NA,NA,0,0,2.5,3,NA
2252,131,73,Control,Male,ASO,ASO|--|131,0,0.5714285714285714,NA,NA,0,0,4,2.5,NA
2253,149,73,Generic AI,Male,Other,Other|--|149,0,0,NA,NA,0,0,NA,NA,NA
2254,116,73,Control,Male,ASO,ASO|--|116,0,0.5714285714285714,NA,NA,0,0,2,2,NA
2255,133,73,Control,Other,ASO,ASO|--|133,0,0,NA,NA,0,0,2,2,NA
2256,131,92,Tailored AI,Other,ASO,ASO|--|131,0,0.2857142857142857,NA,NA,0,0,NA,NA,NA
2257,116,92,Tailored AI,Female,ASO,ASO|--|116,0,0.2857142857142857,0.14285714285714285,NA,1,0,1.75,1,NA
2258,116,92,Generic AI,Female,ASO,ASO|--|116,0,0.2857142857142857,NA,NA,0,0,1.5,2.5,NA
2259,116,73,Generic AI,Male,ASO,ASO|--|116,0,0.5714285714285714,NA,NA,0,0,3.25,3,NA
2260,131,92,Generic AI,Other,ASO,ASO|--|131,0,0,NA,NA,0,0,2,2,NA
2261,116,73,Generic AI,Male,ASO,ASO|--|116,0,0.7142857142857143,NA,NA,0,0,2.25,5,NA
2262,116,73,Tailored AI,Male,ASO,ASO|--|116,0,0.14285714285714285,NA,NA,0,0,2.25,3,NA
2263,327,39,Control,Female,ASO,ASO|--|327,0,0.5714285714285714,NA,NA,0,0,1.75,2,NA
2264,327,39,Tailored AI,Male,ASO,ASO|--|327,0,0.42857142857142855,NA,NA,0,0,3,3,NA
2265,327,39,Control,Male,ASO,ASO|--|327,0,0.7142857142857143,0.8571428571428571,NA,1,0,3.5,3,2.3333333333333335
2266,327,39,Control,Male,ASO,ASO|--|327,0,0.14285714285714285,NA,NA,0,0,2.25,2,NA
2267,327,39,Tailored AI,Female,ASO,ASO|--|327,0,0.42857142857142855,NA,NA,0,0,NA,NA,NA
2268,327,39,Tailored AI,Female,ASO,ASO|--|327,0,0.7142857142857143,NA,NA,0,0,NA,NA,NA
2269,327,39,Control,Male,ASO,ASO|--|327,0,0.7142857142857143,0.5714285714285714,NA,1,0,2.5,2,1.3333333333333333
2270,327,39,Control,Male,ASO,ASO|--|327,0,0.7142857142857143,NA,NA,0,0,3,3,NA
2271,385,39,Generic AI,Male,ASO,ASO|--|385,0,0.7142857142857143,NA,NA,0,0,3,2,NA
2272,334,39,Tailored AI,Male,ASO,ASO|--|334,0,0.7142857142857143,NA,NA,0,0,NA,NA,NA
2273,322,57,Control,Male,ASO,ASO|--|322,0,0,NA,NA,0,0,NA,NA,NA
2274,410,60,Tailored AI,Male,TSO,TSO|--|410,0,0,NA,NA,0,0,NA,NA,NA
2,70,63,Tailored AI,Female,BSO,BSO|--|70,1,0.2857142857142857,NA,NA,0,0,NA,NA,NA
3,271,71,Control,Female,ASO,ASO|--|271,1,0,NA,NA,0,0,NA,NA,NA
4,153,65,Generic AI,Female,ASO,ASO|--|153,1,0.42857142857142855,NA,NA,0,0,NA,NA,NA
5,414,17,Generic AI,Male,TSO,TSO|--|414,1,0.14285714285714285,NA,NA,0,0,3.75,3,NA
7,414,39,Tailored AI,Male,TSO,TSO|--|414,1,0.5714285714285714,NA,NA,0,0,3,2.5,NA
9,68,14,Tailored AI,Female,BSO,BSO|--|68,1,0.2857142857142857,NA,NA,0,0,2.75,3.5,NA
11,69,14,Generic AI,Female,Other,Other|--|69,1,0.42857142857142855,NA,NA,0,0,5,2,NA
12,67,14,Tailored AI,Female,BSO,BSO|--|67,1,0,NA,NA,0,0,2,2,NA
13,59,14,Tailored AI,Female,BSO,BSO|--|59,1,0.2857142857142857,NA,NA,0,0,2.75,4,NA
14,67,14,Generic AI,Female,BSO,BSO|--|67,1,0,NA,NA,0,0,2,2,NA
15,58,14,Tailored AI,Female,BSO,BSO|--|58,1,0.5714285714285714,NA,NA,0,0,4,3,NA
16,67,14,Control,Female,BSO,BSO|--|67,1,0.2857142857142857,NA,NA,0,0,2.75,2.5,NA
17,66,14,Control,Female,BSO,BSO|--|66,1,0.7142857142857143,NA,NA,0,0,2.5,2,NA
18,67,14,Control,Female,BSO,BSO|--|67,1,0,NA,NA,0,0,NA,NA,NA
19,256,14,Control,Male,ASO,ASO|--|256,1,0.2857142857142857,NA,NA,0,0,2.75,3,NA
20,256,14,Tailored AI,Female,ASO,ASO|--|256,1,0.14285714285714285,NA,NA,0,0,3,3,NA
21,256,14,Tailored AI,Male,ASO,ASO|--|256,1,0.14285714285714285,NA,NA,0,0,2.75,2.5,NA
22,256,14,Generic AI,Male,ASO,ASO|--|256,1,0.5714285714285714,NA,NA,0,0,3.25,3,NA
23,458,14,Generic AI,Male,ASO,ASO|--|458,1,0.14285714285714285,NA,NA,0,0,3,3,NA
24,67,14,Tailored AI,Male,ASO,ASO|--|67,1,0.2857142857142857,NA,NA,0,0,2.5,3,NA
25,257,14,Tailored AI,Female,ASO,ASO|--|257,1,0.2857142857142857,NA,NA,0,0,2.75,1.5,NA
26,256,14,Generic AI,Female,ASO,ASO|--|256,1,0.2857142857142857,NA,NA,0,0,2.5,1.5,NA
27,58,14,Generic AI,Female,ASO,ASO|--|58,1,0,NA,NA,0,0,4,2,NA
28,458,14,Tailored AI,Male,ASO,ASO|--|458,1,0.42857142857142855,NA,NA,0,0,2.25,2.5,NA
29,67,14,Generic AI,Male,ASO,ASO|--|67,1,0.2857142857142857,NA,NA,0,0,3.5,4,NA
30,256,14,Tailored AI,Male,ASO,ASO|--|256,1,0.42857142857142855,NA,NA,0,0,2.25,2.5,NA
31,458,14,Generic AI,Male,ASO,ASO|--|458,1,0,NA,NA,0,0,3.75,5,NA
32,352,44,Control,Male,ASO,ASO|--|352,1,0.7142857142857143,1,NA,1,0,2.25,2.5,2.6666666666666665
33,352,44,Control,Female,ASO,ASO|--|352,1,0.5714285714285714,NA,NA,0,0,2.75,2,NA
34,273,44,Control,Female,ASO,ASO|--|273,1,0.8571428571428571,NA,NA,0,0,2.25,3,NA
35,352,44,Tailored AI,Male,ASO,ASO|--|352,1,0.5714285714285714,NA,NA,0,0,2,2,NA
36,353,44,Generic AI,Male,ASO,ASO|--|353,1,0.42857142857142855,NA,NA,0,0,3.5,3,NA
37,353,44,Tailored AI,Male,ASO,ASO|--|353,1,0.42857142857142855,0.7142857142857143,NA,1,0,2.25,2.5,3
38,353,44,Generic AI,Female,ASO,ASO|--|353,1,0.2857142857142857,NA,NA,0,0,3.5,2.5,NA
39,353,44,Control,Male,ASO,ASO|--|353,1,0.5714285714285714,0.7142857142857143,NA,1,0,3,2.5,4.333333333333333
40,274,44,Generic AI,Female,ASO,ASO|--|274,1,0.8571428571428571,NA,NA,0,0,3,2.5,NA
41,353,44,Control,Male,ASO,ASO|--|353,1,0.2857142857142857,NA,NA,0,0,2.5,2.5,NA
43,353,44,Tailored AI,Male,ASO,ASO|--|353,1,0.42857142857142855,NA,NA,0,0,2.25,3,NA
44,227,35,Generic AI,Male,TSO,TSO|--|227,1,0.2857142857142857,NA,NA,0,0,3,2.5,NA
45,227,35,Generic AI,Male,TSO,TSO|--|227,1,0.14285714285714285,0.5714285714285714,NA,1,0,3.5,2,2.3333333333333335
46,238,35,Control,Male,TSO,TSO|--|238,1,0.14285714285714285,NA,NA,0,0,4,3.5,NA
47,236,26,Generic AI,Female,TSO,TSO|--|236,1,0.8571428571428571,0.8571428571428571,NA,1,0,3,2.5,1.6666666666666667
48,235,38,Tailored AI,Female,TSO,TSO|--|235,1,0.8571428571428571,NA,NA,0,0,3,1.5,NA
49,227,35,Generic AI,Male,TSO,TSO|--|227,1,0.2857142857142857,0.14285714285714285,NA,1,0,2.75,3,2.6666666666666665
50,231,35,Generic AI,Male,TSO,TSO|--|231,1,0.42857142857142855,0.42857142857142855,NA,1,0,4,5,3.3333333333333335
51,232,35,Generic AI,Male,TSO,TSO|--|232,1,0.42857142857142855,NA,NA,0,0,4.25,5,NA
52,227,27,Control,Male,TSO,TSO|--|227,1,0.2857142857142857,NA,NA,0,0,3,5,NA
54,232,53,Control,Female,TSO,TSO|--|232,1,0.8571428571428571,0.8571428571428571,NA,1,0,3,2.5,1.3333333333333333
55,227,51,Generic AI,Female,TSO,TSO|--|227,1,0.2857142857142857,NA,NA,0,0,3,3,NA
57,227,35,Control,Male,TSO,TSO|--|227,1,0.5714285714285714,0.8571428571428571,NA,1,0,2,NA,2.6666666666666665
58,227,35,Generic AI,Male,TSO,TSO|--|227,1,0.14285714285714285,1,NA,1,0,4.5,4,3
59,237,35,Control,Female,TSO,TSO|--|237,1,0.14285714285714285,0.14285714285714285,NA,1,0,2.5,1.5,3.3333333333333335
60,237,35,Tailored AI,Female,TSO,TSO|--|237,1,0.5714285714285714,0.7142857142857143,NA,1,0,3,3,2.3333333333333335
61,227,35,Generic AI,Male,TSO,TSO|--|227,1,0.7142857142857143,0.8571428571428571,NA,1,0,2.75,3,2
62,227,35,Control,Male,TSO,TSO|--|227,1,0.14285714285714285,0.2857142857142857,NA,1,0,3.25,3,3
63,227,35,Tailored AI,Female,TSO,TSO|--|227,1,0.14285714285714285,0.7142857142857143,NA,1,0,3.5,2,4.333333333333333
64,227,35,Control,Female,TSO,TSO|--|227,1,0,0.5714285714285714,NA,1,0,3.25,2.5,3
64,227,35,Control,Female,TSO,TSO|--|227,1,0,0.7142857142857143,NA,1,0,3.25,2.5,3
65,227,35,Control,Male,TSO,TSO|--|227,1,0,0.8571428571428571,NA,1,0,3.5,2.5,2
66,235,35,Generic AI,Female,TSO,TSO|--|235,1,0.14285714285714285,0.2857142857142857,NA,1,0,2.75,2.5,2
67,227,35,Generic AI,Female,TSO,TSO|--|227,1,0.2857142857142857,0.8571428571428571,NA,1,0,3.5,5,5
68,237,35,Generic AI,Female,TSO,TSO|--|237,1,0.14285714285714285,NA,NA,0,0,2.25,2.5,NA
69,234,35,Generic AI,Female,TSO,TSO|--|234,1,0.2857142857142857,0.7142857142857143,NA,1,0,3,3,1.6666666666666667
71,235,35,Control,Male,TSO,TSO|--|235,1,0,NA,NA,0,0,NA,NA,NA
72,58,14,Generic AI,Male,ASO,ASO|--|58,1,0.42857142857142855,NA,NA,0,0,2.5,2.5,NA
73,257,14,Control,Male,ASO,ASO|--|257,1,0.2857142857142857,NA,NA,0,0,2.75,4,NA
74,256,14,Generic AI,Male,ASO,ASO|--|256,1,0,NA,NA,0,0,NA,NA,NA
75,233,50,Control,Male,TSO,TSO|--|233,1,0.14285714285714285,NA,NA,0,0,1.5,2.5,NA
77,230,2,Control,Female,TSO,TSO|--|230,1,0.8571428571428571,1,NA,1,0,3.25,2,2.6666666666666665
78,227,47,Control,Male,TSO,TSO|--|227,1,0.14285714285714285,NA,NA,0,0,2.75,3,NA
79,227,35,Tailored AI,Male,TSO,TSO|--|227,1,0.8571428571428571,NA,NA,0,0,1.75,2.5,NA
81,227,35,Generic AI,Male,TSO,TSO|--|227,1,0.14285714285714285,NA,NA,0,0,2.25,3,NA
82,227,2,Tailored AI,Female,TSO,TSO|--|227,1,0.7142857142857143,NA,NA,0,0,4.5,2,NA
83,229,35,Control,Male,TSO,TSO|--|229,1,0,NA,NA,0,0,NA,NA,NA
84,228,35,Generic AI,Male,TSO,TSO|--|228,1,0.2857142857142857,0.5714285714285714,NA,1,0,2,2,2
85,227,35,Generic AI,Female,TSO,TSO|--|227,1,0.8571428571428571,NA,NA,0,0,1.75,1.5,NA
87,227,2,Control,Female,TSO,TSO|--|227,1,0.7142857142857143,NA,NA,0,0,3,NA,NA
88,227,30,Tailored AI,Female,TSO,TSO|--|227,1,0.7142857142857143,0.7142857142857143,NA,1,0,2.5,2.5,3.6666666666666665
92,339,81,Generic AI,Female,TSO,TSO|--|339,1,0.14285714285714285,NA,NA,0,0,3.75,4,NA
93,339,81,Tailored AI,Other,TSO,TSO|--|339,1,0.14285714285714285,NA,NA,0,0,3.25,2.5,NA
94,339,81,Generic AI,Male,TSO,TSO|--|339,1,0.42857142857142855,NA,NA,0,0,2.75,2.5,NA
95,227,51,Tailored AI,Female,TSO,TSO|--|227,1,0.42857142857142855,NA,NA,0,0,2.25,2,NA
96,339,81,Tailored AI,Female,TSO,TSO|--|339,1,0.2857142857142857,0.5714285714285714,NA,1,0,2.75,4,3
98,263,81,Control,Male,TSO,TSO|--|263,1,0.5714285714285714,NA,NA,0,0,2.5,3,NA
99,339,81,Generic AI,Male,TSO,TSO|--|339,1,0.2857142857142857,NA,NA,0,0,2,2,NA
103,419,14,Control,Male,ASO,ASO|--|419,1,0.7142857142857143,NA,NA,0,0,5,5,NA
105,227,35,Control,Other,TSO,TSO|--|227,1,0.2857142857142857,NA,NA,0,0,2.75,2.5,NA
106,227,35,Generic AI,Male,TSO,TSO|--|227,1,0.42857142857142855,NA,NA,0,0,4,2.5,NA
107,230,35,Generic AI,Female,TSO,TSO|--|230,1,0,NA,NA,0,0,3,4,NA
108,230,35,Generic AI,Male,TSO,TSO|--|230,1,0.14285714285714285,NA,NA,0,0,1.5,2.5,NA
109,227,35,Control,Male,TSO,TSO|--|227,1,0.5714285714285714,NA,NA,0,0,3.25,5,NA
110,227,35,Control,Male,TSO,TSO|--|227,1,0,NA,NA,0,0,4,2.5,NA
112,339,81,Tailored AI,Male,TSO,TSO|--|339,1,0.14285714285714285,NA,NA,0,0,2,2,NA
113,339,81,Control,Male,TSO,TSO|--|339,1,0.2857142857142857,NA,NA,0,0,2.25,3,NA
114,336,81,Tailored AI,Female,TSO,TSO|--|336,1,0.2857142857142857,NA,NA,0,0,3,4,NA
115,338,81,Generic AI,Male,TSO,TSO|--|338,1,0.42857142857142855,NA,NA,0,0,2.5,1,NA
117,339,81,Tailored AI,Male,TSO,TSO|--|339,1,0,NA,NA,0,0,NA,NA,NA
118,352,44,Control,Male,ASO,ASO|--|352,1,0.42857142857142855,NA,NA,0,0,4,2.5,NA
119,353,44,Tailored AI,Female,ASO,ASO|--|353,1,0.42857142857142855,NA,NA,0,0,3.25,2.5,NA
120,352,44,Tailored AI,Male,ASO,ASO|--|352,1,0.42857142857142855,0.8571428571428571,NA,1,0,2.75,2.5,2.6666666666666665
121,352,44,Generic AI,Male,ASO,ASO|--|352,1,0.42857142857142855,NA,NA,0,0,2.75,3.5,NA
122,239,81,Tailored AI,Female,Other,Other|--|239,1,0.5714285714285714,NA,NA,0,0,5,5,NA
123,185,83,Generic AI,Male,ASO,ASO|--|185,1,0,NA,NA,0,0,NA,NA,NA
126,12,76,Control,Male,TSO,TSO|--|12,1,0.7142857142857143,NA,NA,0,0,3,2.5,NA
129,420,63,Tailored AI,Female,ASO,ASO|--|420,1,0.7142857142857143,0.8571428571428571,NA,1,0,4.5,2,2.6666666666666665
130,420,58,Generic AI,Female,ASO,ASO|--|420,1,0.14285714285714285,NA,NA,0,0,2.5,2,NA
131,420,58,Tailored AI,Female,ASO,ASO|--|420,1,0.14285714285714285,NA,NA,0,0,3.25,3,NA
132,420,58,Generic AI,Male,ASO,ASO|--|420,1,0.2857142857142857,NA,NA,0,0,3,2.5,NA
133,420,58,Generic AI,Female,ASO,ASO|--|420,1,0.2857142857142857,NA,NA,0,0,2.25,2.5,NA
134,420,58,Control,Male,ASO,ASO|--|420,1,0.14285714285714285,NA,NA,0,0,2.25,3,NA
135,420,58,Generic AI,Female,ASO,ASO|--|420,1,0,NA,NA,0,0,3,2.5,NA
136,420,58,Tailored AI,Male,ASO,ASO|--|420,1,0.5714285714285714,NA,NA,0,0,3.25,3,NA
137,420,58,Tailored AI,Male,ASO,ASO|--|420,1,0.2857142857142857,NA,NA,0,0,2.5,3,NA
138,420,58,Tailored AI,Female,ASO,ASO|--|420,1,0,NA,NA,0,0,2.25,2,NA
139,420,58,Generic AI,Male,ASO,ASO|--|420,1,0.2857142857142857,NA,NA,0,0,2.25,2.5,NA
140,420,58,Generic AI,Female,ASO,ASO|--|420,1,0.2857142857142857,NA,NA,0,0,3.25,2.5,NA
141,420,58,Tailored AI,Female,ASO,ASO|--|420,1,0.2857142857142857,NA,NA,0,0,2.5,2,NA
142,248,58,Control,Male,ASO,ASO|--|248,1,0.7142857142857143,NA,NA,0,0,2.75,4,NA
143,420,58,Control,Female,ASO,ASO|--|420,1,0.14285714285714285,NA,NA,0,0,3.75,2.5,NA
144,420,58,Generic AI,Female,ASO,ASO|--|420,1,0.2857142857142857,NA,NA,0,0,2,1,NA
145,420,58,Control,Female,ASO,ASO|--|420,1,0.2857142857142857,NA,NA,0,0,2.5,2.5,NA
146,242,58,Control,Female,ASO,ASO|--|242,1,0.42857142857142855,NA,NA,0,0,3.25,1,NA
147,245,58,Generic AI,Female,ASO,ASO|--|245,1,0,NA,NA,0,0,1.75,2,NA
148,420,58,Generic AI,Female,ASO,ASO|--|420,1,0.2857142857142857,NA,NA,0,0,3,2,NA
149,420,58,Control,Female,ASO,ASO|--|420,1,0.14285714285714285,NA,NA,0,0,3.5,2.5,NA
150,420,58,Generic AI,Male,ASO,ASO|--|420,1,0.2857142857142857,NA,NA,0,0,2.5,3,NA
151,420,58,Generic AI,Female,ASO,ASO|--|420,1,0,NA,NA,0,0,3,2.5,NA
152,243,58,Tailored AI,Female,ASO,ASO|--|243,1,0,NA,NA,0,0,2.5,1,NA
153,420,58,Control,Male,ASO,ASO|--|420,1,0.42857142857142855,NA,NA,0,0,2.75,3,NA
154,352,44,Generic AI,Male,ASO,ASO|--|352,1,0.8571428571428571,NA,NA,0,0,3.75,2.5,NA
155,353,44,Control,Female,ASO,ASO|--|353,1,0.5714285714285714,NA,NA,0,0,3.25,4,NA
156,353,44,Tailored AI,Female,ASO,ASO|--|353,1,0.14285714285714285,0.8571428571428571,NA,1,0,2,3.5,2.6666666666666665
157,352,44,Tailored AI,Other,ASO,ASO|--|352,1,0.7142857142857143,NA,NA,0,0,1.75,2,NA
159,353,44,Tailored AI,Female,ASO,ASO|--|353,1,0.2857142857142857,0.7142857142857143,NA,1,0,2.5,1.5,2.6666666666666665
160,273,44,Tailored AI,Female,ASO,ASO|--|273,1,0.42857142857142855,0.7142857142857143,NA,1,0,2.25,3,1.6666666666666667
161,352,44,Control,Female,ASO,ASO|--|352,1,0.5714285714285714,NA,NA,0,0,2.5,2.5,NA
162,352,44,Generic AI,Female,ASO,ASO|--|352,1,0.7142857142857143,NA,NA,0,0,3,3,NA
163,353,44,Tailored AI,Male,ASO,ASO|--|353,1,0.7142857142857143,NA,NA,0,0,2,2.5,NA
164,352,44,Tailored AI,Male,ASO,ASO|--|352,1,0.8571428571428571,NA,NA,0,0,3,3,NA
166,353,44,Control,Male,ASO,ASO|--|353,1,0.2857142857142857,NA,NA,0,0,2,1.5,NA
167,273,44,Tailored AI,Male,ASO,ASO|--|273,1,0.7142857142857143,NA,NA,0,0,2.75,3.5,NA
168,420,58,Control,Female,ASO,ASO|--|420,1,0.14285714285714285,NA,NA,0,0,2.75,3,NA
169,420,58,Control,Female,ASO,ASO|--|420,1,0,NA,NA,0,0,3.25,3,NA
170,420,58,Control,Female,ASO,ASO|--|420,1,0.14285714285714285,NA,NA,0,0,3.25,2.5,NA
171,420,58,Generic AI,Male,ASO,ASO|--|420,1,0.2857142857142857,NA,NA,0,0,4.5,3,NA
172,420,58,Tailored AI,Female,ASO,ASO|--|420,1,0.14285714285714285,NA,NA,0,0,3.5,2,NA
173,420,58,Generic AI,Female,ASO,ASO|--|420,1,0,NA,NA,0,0,2.75,1.5,NA
174,245,58,Tailored AI,Male,ASO,ASO|--|245,1,0.2857142857142857,0.5714285714285714,NA,1,0,1.75,3,1
175,251,58,Tailored AI,Male,TSO,TSO|--|251,1,0.14285714285714285,NA,NA,0,0,3,3,NA
176,420,58,Generic AI,Female,ASO,ASO|--|420,1,0.14285714285714285,NA,NA,0,0,2.25,3,NA
177,420,58,Control,Male,ASO,ASO|--|420,1,0,NA,NA,0,0,3,4,NA
178,420,58,Tailored AI,Male,ASO,ASO|--|420,1,0.14285714285714285,NA,NA,0,0,2.5,2,NA
179,420,58,Generic AI,Female,ASO,ASO|--|420,1,0,NA,NA,0,0,1.75,2,NA
180,246,58,Control,Male,TSO,TSO|--|246,1,0.42857142857142855,NA,NA,0,0,2.75,4,NA
181,246,58,Control,Male,ASO,ASO|--|246,1,0.2857142857142857,NA,NA,0,0,2.5,2.5,NA
182,420,58,Control,Male,TSO,TSO|--|420,1,0.14285714285714285,NA,NA,0,0,3.25,3,NA
183,420,58,Control,Male,TSO,TSO|--|420,1,0.14285714285714285,NA,NA,0,0,3.5,4,NA
184,420,58,Tailored AI,Male,ASO,ASO|--|420,1,0.14285714285714285,NA,NA,0,0,2,3,NA
185,420,58,Generic AI,Male,ASO,ASO|--|420,1,0.2857142857142857,NA,NA,0,0,3,4,NA
186,420,58,Generic AI,Male,TSO,TSO|--|420,1,0.14285714285714285,NA,NA,0,0,3.25,2,NA
191,353,44,Generic AI,Male,ASO,ASO|--|353,1,0.5714285714285714,NA,NA,0,0,2,2,NA
192,352,44,Control,Male,ASO,ASO|--|352,1,0.8571428571428571,NA,NA,0,0,5,5,NA
193,274,78,Generic AI,Female,ASO,ASO|--|274,1,0.2857142857142857,NA,NA,0,0,3.5,4,NA
194,353,72,Generic AI,Female,TSO,TSO|--|353,1,0.2857142857142857,NA,NA,0,0,1,2,NA
196,272,44,Generic AI,Male,ASO,ASO|--|272,1,0.42857142857142855,NA,NA,0,0,2,4,NA
197,272,44,Generic AI,Male,ASO,ASO|--|272,1,0.14285714285714285,NA,NA,0,0,2.75,3,NA
198,352,44,Control,Male,ASO,ASO|--|352,1,0.42857142857142855,NA,NA,0,0,2.75,2,NA
199,273,44,Control,Male,ASO,ASO|--|273,1,0.2857142857142857,NA,NA,0,0,3.25,2.5,NA
200,273,44,Generic AI,Male,ASO,ASO|--|273,1,0.2857142857142857,NA,NA,0,0,3.5,3,NA
201,352,44,Control,Female,ASO,ASO|--|352,1,0.14285714285714285,NA,NA,0,0,3,2,NA
202,352,44,Control,Female,ASO,ASO|--|352,1,0,NA,NA,0,0,2.25,2.5,NA
203,273,44,Generic AI,Male,ASO,ASO|--|273,1,0.2857142857142857,NA,NA,0,0,2.75,2.5,NA
204,274,44,Generic AI,Male,ASO,ASO|--|274,1,0.2857142857142857,NA,NA,0,0,3.25,2.5,NA
205,352,44,Control,Male,ASO,ASO|--|352,1,0.42857142857142855,NA,NA,0,0,3.25,4,NA
206,351,44,Tailored AI,Male,ASO,ASO|--|351,1,0.14285714285714285,NA,NA,0,0,3.25,2,NA
207,352,44,Tailored AI,Female,ASO,ASO|--|352,1,0.7142857142857143,NA,NA,0,0,3,3,NA
208,352,44,Generic AI,Female,ASO,ASO|--|352,1,0.14285714285714285,NA,NA,0,0,2.75,3,NA
209,352,44,Generic AI,Male,ASO,ASO|--|352,1,0.42857142857142855,NA,NA,0,0,NA,4,NA
210,352,44,Tailored AI,Male,ASO,ASO|--|352,1,0.2857142857142857,NA,NA,0,0,2.75,3,NA
211,273,44,Tailored AI,Male,ASO,ASO|--|273,1,0.14285714285714285,NA,NA,0,0,3,4,NA
212,353,44,Generic AI,Male,ASO,ASO|--|353,1,0.42857142857142855,NA,NA,0,0,3,2.5,NA
213,420,58,Tailored AI,Male,ASO,ASO|--|420,1,0,NA,NA,0,0,2.75,3.5,NA
214,420,58,Generic AI,Male,TSO,TSO|--|420,1,0.14285714285714285,NA,NA,0,0,2,2.5,NA
215,420,58,Control,Female,ASO,ASO|--|420,1,0,NA,NA,0,0,NA,NA,NA
216,420,58,Tailored AI,Male,ASO,ASO|--|420,1,0.14285714285714285,NA,NA,0,0,3,3,NA
217,420,58,Tailored AI,Male,ASO,ASO|--|420,1,0.42857142857142855,NA,NA,0,0,2.5,3,NA
218,420,58,Generic AI,Male,ASO,ASO|--|420,1,0.42857142857142855,NA,NA,0,0,2.75,3,NA
219,420,58,Control,Male,ASO,ASO|--|420,1,0.2857142857142857,NA,NA,0,0,2.75,3,NA
221,244,58,Tailored AI,Female,ASO,ASO|--|244,1,0.2857142857142857,NA,NA,0,0,2.75,3,NA
222,12,86,Tailored AI,Female,TSO,TSO|--|12,1,0,NA,NA,0,0,2.75,4,NA
223,13,76,Control,Male,TSO,TSO|--|13,1,0.42857142857142855,NA,NA,0,0,2,2,NA
224,2,89,Generic AI,Male,ASO,ASO|--|2,1,0.14285714285714285,NA,NA,0,0,2.25,2.5,NA
227,2,75,Control,Male,TSO,TSO|--|2,1,0.5714285714285714,NA,NA,0,0,2.25,3,NA
228,51,23,Tailored AI,Male,TSO,TSO|--|51,1,0.14285714285714285,0.5714285714285714,NA,1,0,2,2,2
229,5,23,Generic AI,Female,TSO,TSO|--|5,1,0,NA,NA,0,0,2,2,NA
233,11,69,Generic AI,Male,TSO,TSO|--|11,1,0,NA,NA,0,0,2,2,NA
241,240,71,Control,Female,ASO,ASO|--|240,1,0.8571428571428571,NA,NA,0,0,2.75,2,NA
242,240,92,Generic AI,Male,ASO,ASO|--|240,1,0.8571428571428571,NA,NA,0,0,3.25,2.5,NA
243,240,92,Generic AI,Male,ASO,ASO|--|240,1,0.8571428571428571,NA,NA,0,0,3.25,2.5,NA
244,348,71,Generic AI,Female,ASO,ASO|--|348,1,0.8571428571428571,NA,NA,0,0,NA,NA,NA
245,240,71,Tailored AI,Male,ASO,ASO|--|240,1,0.8571428571428571,1,NA,1,0,3,3,2.6666666666666665
250,49,77,Control,Male,TSO,TSO|--|49,1,0.14285714285714285,NA,NA,0,0,2,2,NA
901,381,92,Tailored AI,Male,ASO,ASO|--|381,0,0.8571428571428571,1,0.5714285714285714,1,1,3,3,3
1753,381,92,Tailored AI,Female,ASO,ASO|--|381,0,0.8571428571428571,1,NA,1,0,3,3,2.6666666666666665
1893,416,92,Control,Male,ASO,ASO|--|416,0,0.5714285714285714,1,NA,1,0,2.5,3,2.6666666666666665
